,Unnamed: 0,Customer_ID,Kids,YOB,Full Name,Segment
0,0,RH-19495,0,1957,Rick Hansen,Consumer
1,1,JR-16210,1,1954,Justin Ritter,Corporate
2,2,CR-12730,0,1965,Craig Reiter,Consumer
3,3,KM-16375,1,1984,Katherine Murray,Home Office
4,4,RH-9495,1,1981,Rick Hansen,Consumer
5,5,JM-15655,0,1967,Jim Mitchum,Corporate
6,6,TS-21340,0,1971,Toby Swindell,Consumer
7,7,MB-18085,1,1985,Mick Brown,Consumer
8,8,JW-15220,1,1974,Jane Waco,Corporate
9,9,JH-15985,1,1950,Joseph Holt,Consumer
10,10,GM-14695,1,1983,Greg Maxwell,Corporate
11,11,AJ-10780,0,1976,Anthony Jacobs,Corporate
12,12,MM-7260,0,1959,Magdelene Morse,Consumer
13,13,VF-21715,1,1952,Vicky Freymann,Home Office
14,14,PF-19120,0,1987,Peter Fuller,Consumer
15,15,BP-11185,0,1946,Ben Peterman,Corporate
16,16,TB-21175,1,1980,Thomas Boland,Corporate
17,17,PJ-18835,0,1946,Patrick Jones,Corporate
18,18,JS-15685,0,1949,Jim Sink,Corporate
19,19,RH-9555,1,1985,Ritsa Hightower,Consumer
20,20,AB-600,0,1982,Ann Blume,Corporate
21,21,SA-20830,1,1979,Sue Ann Reed,Consumer
22,22,JK-15325,0,1949,Jason Klamczynski,Corporate
23,23,LB-16795,0,1954,Laurel Beltran,Home Office
24,24,NP-18325,0,1951,Naresj Patel,Consumer
25,25,VD-21670,0,1969,Valerie Dominguez,Consumer
26,26,PB-19210,1,1976,Phillip Breyer,Corporate
27,27,EB-14110,1,1986,Eugene Barchas,Consumer
28,28,KF-16285,1,1989,Karen Ferguson,Home Office
29,29,BP-11230,0,1965,Benjamin Patterson,Consumer
30,30,RR-19525,0,1989,Rick Reed,Corporate
31,31,BS-11365,0,1963,Bill Shonely,Corporate
32,32,JE-15745,0,1970,Joel Eaton,Consumer
33,33,DP-13105,0,1952,Dave Poirier,Corporate
34,34,NP-18700,0,1946,Nora Preis,Consumer
35,35,AH-30,1,1951,Aaron Hawkins,Corporate
36,36,DM-13015,0,1970,Darrin Martin,Consumer
37,37,GT-14635,1,1976,Grant Thornton,Corporate
38,38,PO-18865,0,1973,Patrick O'Donnell,Consumer
39,39,DL-12865,0,1943,Dan Lawera,Consumer
40,40,JB-16000,0,1980,Joy Bell-,Consumer
41,41,BF-11005,1,1985,Barry Franz,Home Office
42,42,VG-21805,0,1957,Vivek Grady,Corporate
43,43,GT-14710,0,1959,Greg Tran,Consumer
44,44,ZC-21910,1,1975,Zuschuss Carroll,Consumer
45,45,SC-20095,0,1976,Sanjit Chand,Consumer
46,46,EB-13840,0,1996,Ellis Ballard,Corporate
47,47,AP-10915,1,1968,Arthur Prichep,Consumer
48,48,SW-20275,2,1951,Scott Williamson,Consumer
49,49,JH-15820,1,1954,John Huston,Consumer
50,50,LC-16885,0,1957,Lena Creighton,Consumer
51,51,TG-11640,0,1964,Trudy Glocke,Consumer
52,52,HR-14830,1,1977,Harold Ryan,Corporate
53,53,DG-3300,0,1977,Phillip Breyer,Corporate
54,54,SG-20470,1,1978,Deirdre Greer,Corporate
55,55,FH-14365,0,1955,Sheri Gordon,Consumer
56,56,GP-14740,0,1966,Fred Hopkins,Corporate
57,57,MW-18220,1,1988,Guy Phonely,Corporate
58,58,PO-18850,1,1982,Mitch Webber,Consumer
59,59,CS-12460,0,1968,Patrick O'Brill,Consumer
60,60,KD-16495,0,1982,Chuck Sachs,Consumer
61,61,MS-17980,1,1975,Keith Dawkins,Corporate
62,62,KC-16675,0,1952,Michael Stewart,Corporate
63,63,DB-13405,0,1951,Kimberly Carter,Corporate
64,64,JD-15895,0,1948,Denny Blanton,Consumer
65,65,DK-13090,1,1971,Jonathan Doherty,Corporate
66,66,CS-11845,1,1967,Dave Kipp,Consumer
67,67,EM-14200,0,1979,Cari Sayre,Corporate
68,68,DW-3480,0,1958,Evan Minnotte,Home Office
69,69,AS-10225,1,1970,Dianna Wilson,Home Office
70,70,ST-20530,0,1954,Alan Schoenberger,Corporate
71,71,BW-1065,1,1973,Shui Tom,Consumer
72,72,LA-16780,0,1959,Barry Weirich,Consumer
73,73,AB-10150,1,1975,Laura Armstrong,Corporate
74,74,CM-12385,0,1952,Aimee Bixby,Consumer
75,75,BE-11410,1,1977,John Huston,Consumer
76,76,SZ-20035,0,1972,Christopher Martinez,Consumer
77,77,RM-19375,0,1976,Bobby Elias,Consumer
78,78,HG-14845,0,1976,Sam Zeldin,Home Office
79,79,DP-3105,0,1965,Raymond Messe,Consumer
80,80,AR-10540,1,1985,Harry Greene,Consumer
81,81,TP-21415,1,1969,Dave Poirier,Corporate
82,82,AM-10705,1,1973,Andy Reiter,Consumer
83,83,AB-255,0,1963,Tom Prescott,Consumer
84,84,RP-19270,0,1987,Joy Bell-,Consumer
85,85,BK-11260,1,1960,Anne McFarland,Consumer
86,86,JM-15250,1,1970,Alejandro Ballentine,Home Office
87,87,LW-16990,0,1957,Rachel Payne,Corporate
88,88,NZ-18565,0,1973,Berenike Kampe,Consumer
89,89,SV-10815,0,1967,Janet Martin,Consumer
90,90,SC-20695,2,1957,Guy Phonely,Corporate
91,91,NC-18625,1,1957,Lindsay Williams,Corporate
92,92,NF-18385,0,1973,Nick Zandusky,Home Office
93,93,PM-18940,1,1972,Stuart Van,Corporate
94,94,MZ-17335,1,1970,Steve Chapman,Corporate
95,95,HM-4980,1,1983,Noah Childs,Corporate
96,96,RW-19540,0,1960,Natalie Fritzler,Consumer
97,97,LH-17155,1,1972,Nick Zandusky,Home Office
98,98,KM-16660,0,1951,Paul MacIntyre,Consumer
99,99,AB-10060,0,1983,Maria Zettner,Home Office
100,100,DB-13060,0,1960,Henry MacAllister,Consumer
101,101,VM-21685,0,1959,Rick Wilson,Corporate
102,102,DM-13525,0,1979,Logan Haushalter,Consumer
103,103,NM-18520,0,1945,Fred Hopkins,Corporate
104,104,RO-19780,0,1959,Khloe Miller,Consumer
105,105,SB-20185,1,1979,Patrick O'Donnell,Consumer
106,106,EM-14065,1,1964,Adam Bellavance,Home Office
107,107,RS-19765,0,1969,Adam Bellavance,Home Office
108,108,ON-18715,1,1978,Dave Brooks,Consumer
109,109,VS-21820,0,1960,Valerie Mitchum,Home Office
110,110,CM-12115,0,1979,Bill Shonely,Corporate
111,111,TB-21400,0,1991,Don Miller,Corporate
112,112,AB-10105,0,1963,Neoma Murray,Consumer
113,113,DW-13540,0,1991,Lena Creighton,Consumer
114,114,PS-19045,1,1980,Rose O'Brian,Consumer
115,115,CC-12370,1,1962,Sarah Brown,Consumer
116,116,TC-21295,0,1970,Erin Mull,Consumer
117,117,GM-14440,1,1978,Roland Schwarz,Corporate
118,118,SV-20815,1,1967,Odella Nelson,Corporate
119,119,MM-17920,1,1969,Vivek Sundaresam,Consumer
120,120,JK-16120,0,1953,Chad McGuire,Consumer
121,121,DJ-13510,1,1967,Tom Boeckenhauer,Consumer
122,122,AT-10435,2,1985,Adrian Barton,Consumer
123,123,AB-10015,1,1976,Jason Klamczynski,Corporate
124,124,RP-19390,0,1983,Rachel Payne,Corporate
125,125,MJ-17740,0,1965,Don Weiss,Consumer
126,126,PV-18985,0,1984,Penelope Sewall,Home Office
127,127,SB-20290,1,1953,Christopher Conant,Consumer
128,128,SM-10005,0,1961,Toby Carlisle,Consumer
129,129,KH-16330,1,1956,Gary McGarr,Consumer
130,130,MP-18175,0,1952,Stuart Van,Corporate
131,131,LH-17020,1,1958,Michael Moore,Consumer
132,132,ND-18370,0,1969,Julie Kriz,Home Office
133,133,CR-12625,0,1963,Evan Minnotte,Home Office
134,134,GM-14680,1,1964,Don Jones,Corporate
135,135,RA-19945,0,1967,Paul MacIntyre,Consumer
136,136,BW-11110,1,1976,Alyssa Tate,Home Office
137,137,RF-19735,2,1959,Aaron Bergman,Consumer
138,138,AG-10675,1,1973,Resi Polking,Consumer
139,139,DM-12955,1,1965,Max Jones,Consumer
140,140,KD-16270,0,1992,Paul Van Hugh,Home Office
141,141,BE-11335,0,1976,Sean Braxton,Corporate
142,142,SO-20335,0,1962,Sally Matthias,Consumer
143,143,DK-12835,0,1974,Karen Ferguson,Home Office
144,144,LC-7050,1,1988,Katharine Harms,Corporate
145,145,CG-12520,0,1976,Mike Pelletier,Home Office
146,146,TB-21280,1,1975,Lisa Hazard,Consumer
147,147,HG-15025,1,1981,Natalie DeCherney,Consumer
148,148,AD-10180,2,1973,Corey Roper,Home Office
149,149,BP-11155,0,1966,Noah Childs,Corporate
150,150,AA-10480,0,1953,Greg Matthias,Consumer
151,151,RL-19615,0,1969,Ryan Akin,Consumer
152,152,CS-12505,0,1972,Dave Brooks,Consumer
153,153,SW-20245,1,1988,Bart Watters,Corporate
154,154,TA-21385,0,1952,Roland Fjeld,Consumer
155,155,YC-21895,0,1949,John Huston,Consumer
156,156,JM-15580,0,1958,Anna Gayman,Consumer
157,157,MZ-7335,1,1978,Dario Medina,Corporate
158,158,JF-15295,0,1977,Karen Daniels,Consumer
159,159,JL-15835,0,1955,Bill Eplett,Home Office
160,160,DJ-3510,2,1958,Sean O'Donnell,Consumer
161,161,MF-18250,0,1945,Damala Kotsonis,Corporate
162,162,JE-15610,1,1984,Liz Carlisle,Consumer
163,163,CP-12340,0,1975,Phillip Breyer,Corporate
164,164,EH-14125,0,1973,Claire Gute,Consumer
165,165,NC-18340,2,1966,Toby Braunhardt,Consumer
166,166,JS-16030,0,1953,Hunter Glantz,Consumer
167,167,AM-10360,0,1959,Alan Dominguez,Home Office
168,168,JF-15190,0,1988,Becky Pak,Consumer
169,169,JG-15160,1,1957,Andrew Allen,Consumer
170,170,DP-13390,1,1965,Rob Lucas,Consumer
171,171,AG-10330,1,1982,Cindy Stewart,Consumer
172,172,GK-14620,2,1970,Scot Wooten,Consumer
173,173,NF-18475,1,1959,Tom Ashbrook,Home Office
174,174,DR-12940,0,1967,Bart Watters,Corporate
175,175,NB-18655,0,1975,Yoseph Carroll,Corporate
176,176,NM-18445,0,1948,Jill Matthias,Consumer
177,177,NP-18670,1,1970,Maria Zettner,Home Office
178,178,SC-20380,2,1959,Jason Fortune-,Consumer
179,179,PA-9060,0,1951,John Lee,Consumer
180,180,RB-19570,0,1976,Don Jones,Corporate
181,181,SR-20740,1,1988,Monica Federle,Corporate
182,182,RH-19510,0,1946,Toby Carlisle,Consumer
183,183,LH-16750,1,1984,Jim Epp,Corporate
184,184,KB-16585,0,1961,Christine Phan,Corporate
185,185,EM-13810,1,1983,Eugene Hildebrand,Home Office
186,186,MZ-7515,0,1970,Nat Carroll,Consumer
187,187,DM-13345,0,1966,Barry Franz,Home Office
188,188,CA-11965,0,1976,Joy Smith,Consumer
189,189,SC-20305,1,1964,Alice McCarthy,Corporate
190,190,MH-18115,1,1978,Jamie Frazer,Consumer
191,191,KS-16300,0,1989,Aaron Bergman,Consumer
192,192,BG-11740,1,1900,James Galang,Consumer
193,193,CR-2625,1,1988,Dennis Pardue,Home Office
194,194,CB-12415,1,1973,Alex Grayson,Consumer
195,195,AP-10720,1,1977,Grace Kelly,Corporate
196,196,CR-12820,0,1980,Neil Franzosisch,Home Office
197,197,BF-11080,0,1954,Yoseph Carroll,Corporate
198,198,JM-15265,0,1954,Daniel Raglin,Home Office
199,199,TW-21025,1,1973,Nona Balk,Corporate
200,200,RB-19330,0,1952,Nathan Mautz,Home Office
201,201,JA-15970,0,1968,Tom Ashbrook,Home Office
202,202,AB-60,0,1978,Nora Paige,Consumer
203,203,JR-5670,0,1977,Shahid Collister,Consumer
204,204,MD-17350,1,1965,Pete Armstrong,Home Office
205,205,PK-19075,0,1984,Rob Beeghly,Consumer
206,206,TP-21130,1,1988,Steven Roelle,Home Office
207,207,JK-15640,1,1963,Rick Huthwaite,Home Office
208,208,CD-11920,0,1966,Larry Hughes,Consumer
209,209,JL-5835,0,1954,James Galang,Consumer
210,210,EP-13915,0,1956,Ken Black,Corporate
211,211,MS-17770,0,1954,Logan Haushalter,Consumer
212,212,CM-12655,1,1968,Eleni McCrary,Corporate
213,213,JC-6105,1,1974,Mary Zewe,Corporate
214,214,GB-14530,0,1985,Denise Monton,Corporate
215,215,JH-16180,1,1977,Carol Adams,Corporate
216,216,MT-8070,2,1978,Sean Christensen,Consumer
217,217,CV-2805,0,1948,Mick Hernandez,Home Office
218,218,NH-18610,0,1954,Karen Seio,Corporate
219,219,HJ-14875,1,1980,Bruce Geld,Consumer
220,220,JL-15175,1,1988,Corey Roper,Home Office
221,221,MY-18295,0,1969,Christy Brittain,Consumer
222,222,MW-18235,0,1970,Dave Kipp,Consumer
223,223,KC-16540,1,1980,John Lee,Consumer
224,224,HA-14920,0,1962,Anne Pryor,Home Office
225,225,MT-17815,1,1978,Cyra Reiten,Home Office
226,226,FW-14395,0,1976,Bart Folk,Consumer
227,227,BH-11710,0,1952,Janet Molinari,Corporate
228,228,DK-12895,0,1972,Nathan Mautz,Home Office
229,229,SC-20845,1,1986,Tamara Willingham,Home Office
230,230,CY-12745,1,1966,Randy Bradley,Consumer
231,231,HL-15040,0,1962,Penelope Sewall,Home Office
232,232,CT-11995,1,1971,Joseph Airdo,Consumer
233,233,GR-4560,0,1951,Adam Bellavance,Home Office
234,234,TT-21070,0,1965,Jim Radford,Consumer
235,235,PO-19195,1,1975,Maribeth Dona,Consumer
236,236,ED-13885,1,1982,Pete Kriz,Consumer
237,237,TM-21490,0,1958,Ellis Ballard,Corporate
238,238,AW-10840,1,1973,Theone Pippenger,Consumer
239,239,AT-10735,0,1893,Jim Kriz,Home Office
240,240,SG-10605,0,1968,Carlos Daly,Consumer
241,241,BM-11785,0,1958,John Lee,Consumer
242,242,DK-13375,1,1971,Emily Phan,Consumer
243,243,PF-19225,0,1990,Maxwell Schwartz,Consumer
244,244,TG-21310,0,1958,Corinna Mitchell,Home Office
245,245,SF-10200,1,1964,Julie Creighton,Corporate
246,246,JW-5220,1,1972,George Bell,Corporate
247,247,CC-12100,0,1953,Tamara Willingham,Home Office
248,248,RD-19930,0,1988,Justin Hirsh,Consumer
249,249,BP-1230,0,1969,Michelle Tran,Home Office
250,250,CS-12175,1,1975,Adrian Barton,Consumer
251,251,JD-16060,1,1985,Laura Armstrong,Corporate
252,252,GH-14665,0,1974,Cynthia Voltz,Corporate
253,253,CM-11935,0,1958,Nicole Hansen,Corporate
254,254,RB-9465,1,1967,Heather Jas,Home Office
255,255,RB-19795,1,1974,James Lanier,Home Office
256,256,DL-13495,0,1961,Muhammed Yedwab,Corporate
257,257,TS-21205,0,1964,Sean Braxton,Corporate
258,258,MV-8190,1,1964,Jim Kriz,Home Office
259,259,BD-11560,2,1957,Mitch Willingham,Corporate
260,260,PS-18760,1,1979,Kelly Collister,Consumer
261,261,FM-14215,0,1968,Chuck Sachs,Consumer
262,262,CA-12775,1,1970,Helen Andreada,Consumer
263,263,CD-12790,1,1978,Meg Tillman,Consumer
264,264,NL-18310,1,1952,Fred Wasserman,Corporate
265,265,TB-21055,1,1966,Brosina Hoffman,Consumer
266,266,EH-4125,0,1963,Dana Kaydos,Consumer
267,267,KB-16600,1,1970,Karen Daniels,Consumer
268,268,KW-16435,0,1970,Sung Chung,Consumer
269,269,MG-17695,1,1970,Craig Yedwab,Corporate
270,270,HM-14860,0,1953,Hunter Lopez,Consumer
271,271,BP-11290,1,1983,Carol Triggs,Consumer
272,272,HZ-4950,0,1975,Christopher Conant,Consumer
273,273,TC-20980,1,1960,Georgia Rosenberg,Corporate
274,274,EM-13825,1,1963,Ted Trevino,Consumer
275,275,BS-11800,0,1963,Phillina Ober,Home Office
276,276,DV-13465,0,1956,Emily Ducich,Home Office
277,277,MB-17305,0,1981,Arthur Prichep,Consumer
278,278,PC-19000,0,1986,Tony Molinari,Consumer
279,279,CA-12310,0,1968,Anthony Witt,Consumer
280,280,KC-16255,1,1981,Dave Poirier,Corporate
281,281,DB-3660,0,1976,Annie Thurman,Consumer
282,282,SC-20260,0,1946,Speros Goranitis,Consumer
283,283,BD-11500,0,1974,Bryan Mills,Consumer
284,284,BM-11140,1,1975,Fred Hopkins,Corporate
285,285,KB-16315,1,1974,Dennis Kane,Consumer
286,286,JM-15865,0,1952,Phillip Flathmann,Consumer
287,287,AF-10885,1,1956,Toby Gnade,Consumer
288,288,SJ-20500,0,1966,Yoseph Carroll,Corporate
289,289,WB-21850,0,1949,Sarah Foster,Consumer
290,290,CC-12610,0,1984,Hunter Lopez,Consumer
291,291,BE-11455,1,1969,Jane Waco,Corporate
292,292,TG-21640,0,1980,Chad Cunningham,Home Office
293,293,MS-17365,2,1971,Russell D'Ascenzo,Consumer
294,294,NP-18685,1,1965,Benjamin Patterson,Consumer
295,295,RM-19675,0,1952,Sue Ann Reed,Consumer
296,296,SN-20560,1,1988,Eleni McCrary,Corporate
297,297,CD-12280,1,1986,Charles Sheldon,Corporate
298,298,BG-11035,0,1982,Julia Dunbar,Consumer
299,299,CC-12550,0,1965,Greg Hansen,Consumer
300,300,SV-20785,1,1958,Carlos Meador,Consumer
301,301,HW-14935,0,1956,Joy Bell-,Consumer
302,302,AS-10285,1,1978,Rick Bensley,Home Office
303,303,LD-16855,1,1988,Ross Baird,Home Office
304,304,NS-18505,1,1984,Phillina Ober,Home Office
305,305,CM-12715,0,1961,Dionis Lloyd,Corporate
306,306,JD-6060,0,1966,Thomas Seio,Corporate
307,307,MG-17680,0,1947,Toby Carlisle,Consumer
308,308,DB-13210,0,1964,Mike Vittorini,Consumer
309,309,CS-11860,0,1992,Natalie Fritzler,Consumer
310,310,GG-14650,1,1976,Brendan Dodson,Home Office
311,311,BN-11470,2,1967,Pamela Stobb,Consumer
312,312,BS-1665,0,1989,Filia McAdams,Corporate
313,313,AC-10450,0,1976,Cynthia Arntzen,Consumer
314,314,CK-12205,1,1966,Cynthia Delaney,Home Office
315,315,JD-16150,1,1956,Nancy Lomonaco,Home Office
316,316,CC-2550,1,1972,Ted Butterfield,Consumer
317,317,MS-17830,1,1985,Neil Franzosisch,Home Office
318,318,SM-20950,1,1951,Keith Dawkins,Corporate
319,319,CL-12700,1,1970,Eugene Hildebrand,Home Office
320,320,CM-12160,0,1971,Ken Brennan,Corporate
321,321,JC-15775,1,1974,Chuck Sachs,Consumer
322,322,LH-16900,1,1965,Katrina Willman,Consumer
323,323,DV-13045,0,1961,Maureen Gnade,Consumer
324,324,BT-11530,0,1953,Vicky Freymann,Home Office
325,325,BM-1650,0,1957,Anne McFarland,Consumer
326,326,MG-18205,1,1976,Harry Marie,Corporate
327,327,RB-19705,1,1984,Beth Paige,Consumer
328,328,FC-14245,2,1950,Henia Zydlo,Consumer
329,329,TT-21220,1,1986,Tamara Chand,Corporate
330,330,SJ-20215,1,1983,Elizabeth Moffitt,Corporate
331,331,PB-18805,0,1989,Rick Hansen,Consumer
332,332,RW-19690,0,1956,Bryan Spruell,Home Office
333,333,DB-3360,1,1971,Dianna Vittorini,Consumer
334,334,DK-13150,1,1983,Maria Bertelson,Consumer
335,335,RW-9540,0,1960,Pauline Chand,Home Office
336,336,MP-17470,0,1968,Christine Abelman,Corporate
337,337,TB-21625,1,1972,Karen Carlisle,Corporate
338,338,MO-17800,0,1965,Mick Brown,Consumer
339,339,MR-17545,0,1899,Ross Baird,Home Office
340,340,LC-17050,0,1988,Duane Benoit,Consumer
341,341,RA-19885,0,1986,Scott Cohen,Corporate
342,342,MG-8145,0,1969,Bruce Geld,Consumer
343,343,JE-16165,0,1950,Bradley Drucker,Consumer
344,344,JK-16090,1,1973,Becky Martin,Consumer
345,345,EM-13960,0,1952,Karl Braun,Consumer
346,346,DJ-13420,1,1965,Pete Kriz,Consumer
347,347,BO-11425,0,1970,Charles Sheldon,Corporate
348,348,LW-17215,1,1971,John Murray,Consumer
349,349,PJ-19015,1,1976,Art Foster,Consumer
350,350,KM-16720,0,1957,Shirley Jackson,Consumer
351,351,BG-11695,1,1986,Dario Medina,Corporate
352,352,CS-12130,0,1966,William Brown,Consumer
353,353,MC-17425,0,1974,Corey Catlett,Corporate
354,354,BD-1635,0,1976,Barry Weirich,Consumer
355,355,RF-19345,1,1978,Brad Eason,Home Office
356,356,MG-7680,0,1955,Trudy Glocke,Consumer
357,357,KH-16690,0,1969,Maribeth Schnelling,Consumer
358,358,CC-12475,0,1943,Nora Pelletier,Home Office
359,359,LT-16765,0,1948,Valerie Mitchum,Home Office
360,360,BF-10975,0,1957,Robert Marley,Home Office
361,361,CJ-12010,0,1969,Steve Chapman,Corporate
362,362,SH-9975,2,1978,Skye Norling,Home Office
363,363,SL-20155,1,1978,Christina DeMoss,Consumer
364,364,NC-8340,1,1967,Chad Cunningham,Home Office
365,365,JB-5400,0,1969,Barry Gonzalez,Consumer
366,366,TB-21250,0,1960,Clay Cheatham,Consumer
367,367,PS-18970,1,1976,Adrian Barton,Consumer
368,368,BB-11545,0,1962,Stewart Visinsky,Consumer
369,369,SG-10470,0,1975,Helen Wasserman,Corporate
370,370,SP-20920,1,1984,Alejandro Savely,Corporate
371,371,Dp-13240,1,1975,Lela Donovan,Corporate
372,372,GZ-14470,1,1970,Neola Schneider,Consumer
373,373,AH-10075,0,1966,Craig Molinari,Corporate
374,374,CB-2025,1,1972,Vivek Grady,Corporate
375,375,SC-20050,1,1975,Julia Dunbar,Consumer
376,376,SC-10230,0,1970,Maureen Gastineau,Home Office
377,377,JS-15595,1,1989,Christina DeMoss,Consumer
378,378,BS-11380,0,1961,Dean Braden,Consumer
379,379,JL-5130,1,1969,Cari Schnelling,Consumer
380,380,AS-10090,2,1969,Art Foster,Consumer
381,381,EL-13735,1,1985,Greg Guthrie,Corporate
382,382,FH-14275,0,1954,Brad Norvell,Corporate
383,383,OT-18730,2,1973,Erin Mull,Consumer
384,384,SM-10320,1,1981,Brian Stugart,Consumer
385,385,PM-19135,1,1971,Amy Cox,Consumer
386,386,TS-11430,0,1968,Chloris Kastensmidt,Consumer
387,387,LS-17245,0,1960,Justin Deggeller,Corporate
388,388,SF-20200,0,1949,Clay Cheatham,Consumer
389,389,CM-11815,1,1968,Melanie Seite,Consumer
390,390,FG-14260,0,1979,Suzanne McNair,Corporate
391,391,KN-6705,1,1979,Greg Tran,Consumer
392,392,TB-11520,0,1993,Craig Leslie,Home Office
393,393,JB-15400,0,1946,Michael Moore,Consumer
394,394,KH-16510,0,1968,Charles McCrossin,Consumer
395,395,DL-13330,0,1991,Dave Brooks,Consumer
396,396,KN-16390,1,1971,Jane Waco,Corporate
397,397,SV-20935,1,1984,Brad Norvell,Corporate
398,398,MD-17860,1,1987,John Castell,Consumer
399,399,LS-17200,1,1980,Hunter Lopez,Consumer
400,400,CM-12445,1,1956,Lena Hernandez,Consumer
401,401,SS-20140,0,1965,Darrin Van Huff,Corporate
402,402,GH-14425,1,1974,Bradley Talbott,Home Office
403,403,SM-20320,0,1960,Brian Moss,Corporate
404,404,GR-14560,1,1955,Mitch Gastineau,Corporate
405,405,TS-21370,1,1965,Roger Barcio,Home Office
406,406,DH-3675,1,1972,Frank Carlisle,Home Office
407,407,MM-8280,1,1971,Thomas Thornton,Consumer
408,408,PM-9135,1,1974,Craig Yedwab,Corporate
409,409,GP-4740,0,1963,Sarah Jordon,Consumer
410,410,AF-10870,1,1982,Patrick Bzostek,Home Office
411,411,TS-21505,0,1976,Benjamin Patterson,Consumer
412,412,BM-11575,0,1955,Robert Waldorf,Consumer
413,413,AH-10030,1,1987,Rick Wilson,Corporate
414,414,AG-10495,0,1962,Dennis Bolton,Home Office
415,415,AG-675,0,1943,David Kendrick,Corporate
416,416,SW-20755,1,1975,Rick Wilson,Corporate
417,417,SK-19990,0,1994,Penelope Sewall,Home Office
418,418,AG-10900,0,1981,Mark Packer,Home Office
419,419,AJ-960,1,1971,Trudy Brown,Consumer
420,420,MC-7275,1,1973,Meg O'Connel,Home Office
421,421,ER-13855,1,1983,Neil Franzosisch,Home Office
422,422,EJ-13720,1,1982,Mathew Reese,Home Office
423,423,DH-13675,0,1974,Christy Brittain,Consumer
424,424,HE-14800,0,1941,Liz Carlisle,Consumer
425,425,KT-16480,1,1953,Ruben Ausman,Corporate
426,426,SB-20170,0,1986,Mike Gockenbach,Consumer
427,427,EM-14140,1,1989,Justin Ellison,Corporate
428,428,VT-21700,1,1989,Juliana Krohn,Consumer
429,429,JS-15880,0,1968,Eric Murdock,Consumer
430,430,BC-11125,0,1961,Denny Joy,Corporate
431,431,NF-18595,1,1989,Carlos Daly,Consumer
432,432,RH-9600,1,1967,Bobby Odegard,Consumer
433,433,CS-11950,0,1964,Luke Weiss,Consumer
434,434,CM-12235,1,1970,Pauline Johnson,Consumer
435,435,LW-16825,0,1956,Kunst Miller,Consumer
436,436,RD-19585,0,1966,Stewart Visinsky,Consumer
437,437,BT-11680,0,1949,Brooke Gillingham,Corporate
438,438,MD-7860,1,1971,Chad Sievert,Consumer
439,439,CC-12145,1,1986,Mark Cousins,Corporate
440,440,XP-21865,1,1989,Brian Derr,Consumer
441,441,ML-17410,0,1948,Randy Ferguson,Corporate
442,442,BS-11665,0,1946,Justin Ellison,Corporate
443,443,SC-20230,1,1989,Maureen Gastineau,Home Office
444,444,QJ-19255,0,1974,Kristen Hastings,Corporate
445,445,RE-19450,0,1959,Cindy Chapman,Consumer
446,446,CP-2085,1,1972,Larry Tron,Consumer
447,447,JK-5730,0,1964,Fred Hopkins,Corporate
448,448,HZ-14950,1,1976,Barbara Fisher,Corporate
449,449,AR-10570,0,1953,Caroline Jumper,Consumer
450,450,EH-14005,0,1955,Sally Hughsby,Corporate
451,451,JR-15700,0,1969,Sara Luxemburg,Home Office
452,452,PL-18925,1,1971,Nat Carroll,Consumer
453,453,TC-21145,1,1980,Jennifer Braxton,Corporate
454,454,DG-13300,0,1976,Vivek Grady,Corporate
455,455,Dl-13600,1,1972,Tim Brockman,Consumer
456,456,NC-18415,0,1966,Paul Stevenson,Home Office
457,457,EB-13930,1,1984,Brenda Bowman,Corporate
458,458,CP-12085,0,1952,Sheri Gordon,Consumer
459,459,SM-20005,0,1982,Susan Pistek,Consumer
460,460,JR-15670,0,1964,Nick Zandusky,Home Office
461,461,DL-12925,0,1949,Dean percer,Home Office
462,462,FM-14290,0,1958,Gary Zandusky,Consumer
463,463,DP-13165,0,1963,Adam Hart,Corporate
464,464,CK-12595,1,1975,Cassandra Brandow,Consumer
465,465,CM-11830,0,1969,Sample Company A,Home Office
466,466,PP-18955,0,1955,Anne McFarland,Consumer
467,467,MM-17260,1,1970,Scot Coram,Corporate
468,468,ME-17320,0,1951,Jill Stevenson,Corporate
469,469,CS-12490,1,1971,Bill Stewart,Corporate
470,470,GH-14410,0,1975,Toby Carlisle,Consumer
471,471,MC-17635,1,1980,Jack Lebron,Consumer
472,472,LM-7065,1,1981,Dean percer,Home Office
473,473,AR-10510,1,1978,Natalie Fritzler,Consumer
474,474,JH-15910,1,1988,Adam Shillingsburg,Consumer
475,475,DK-3375,0,1956,Ed Ludwig,Home Office
476,476,EG-13900,1,1972,Frank Hawley,Corporate
477,477,AS-10630,0,1977,Larry Tron,Consumer
478,478,CL-11890,0,1972,Brad Norvell,Corporate
479,479,CA-12265,1,1977,Benjamin Patterson,Consumer
480,480,PF-19165,1,1973,Don Miller,Corporate
481,481,DB-12970,1,1972,Olvera Toch,Consumer
482,482,CL-12565,1,1974,Sean Miller,Home Office
483,483,MF-17665,0,1975,Peter McVee,Home Office
484,484,IM-15055,0,1960,Tom Stivers,Corporate
485,485,EB-13975,0,1964,Toby Swindell,Consumer
486,486,AA-10315,0,1976,Anne McFarland,Consumer
487,487,MV-17485,0,1974,Lynn Smith,Consumer
488,488,JW-15955,1,1969,Daniel Raglin,Home Office
489,489,TS-21610,0,1952,Dianna Wilson,Home Office
490,490,MC-17575,0,1958,Sarah Foster,Consumer
491,491,JF-5415,1,1976,Candace McMahon,Corporate
492,492,AH-10210,0,1955,Frank Gastineau,Home Office
493,493,KD-16345,0,1964,Kristina Nunn,Home Office
494,494,PG-18895,0,1944,Tracy Blumstein,Consumer
495,495,HK-14890,0,1962,Gary McGarr,Consumer
496,496,RR-19315,0,1978,Corinna Mitchell,Home Office
497,497,HH-5010,0,1971,Jennifer Braxton,Corporate
498,498,SH-20635,0,1949,Joy Smith,Consumer
499,499,AR-10825,0,1944,Anne McFarland,Consumer
500,500,RP-9855,1,1950,Sarah Foster,Consumer
501,501,LR-17035,0,1961,Anne McFarland,Consumer
502,502,IM-5055,0,1990,Jason Fortune-,Consumer
503,503,CK-12325,1,1985,Keith Herrera,Consumer
504,504,AS-285,0,1956,Denise Leinenbach,Consumer
505,505,DK-12985,0,1953,Katherine Nockton,Corporate
506,506,EH-4185,0,1976,Susan Vittorini,Consumer
507,507,ML-17395,0,1989,Michael Dominguez,Corporate
508,508,BF-11215,0,1992,Luke Schmidt,Corporate
509,509,MB-7305,0,1959,John Murray,Consumer
510,510,CR-12580,1,1981,Amy Cox,Consumer
511,511,TB-21520,0,1979,Chuck Magee,Consumer
512,512,KN-16450,0,1964,Saphhira Shifley,Corporate
513,513,HR-14770,0,1959,Bart Watters,Corporate
514,514,CK-12760,0,1946,Jim Epp,Corporate
515,515,RO-9780,0,1975,Gary Hwang,Consumer
516,516,EN-13780,1,1961,Juliana Krohn,Consumer
517,517,AH-10465,1,1990,Sean Miller,Home Office
518,518,AH-10585,0,1959,Caroline Jumper,Consumer
519,519,RB-9435,0,1944,Georgia Rosenberg,Corporate
520,520,AG-525,1,1965,Todd Sumrall,Corporate
521,521,AR-10345,0,1987,Duane Huffman,Home Office
522,522,MW-8220,0,1991,Muhammed MacIntyre,Corporate
523,523,AH-210,0,1953,Scott Williamson,Consumer
524,524,TH-21235,1,1987,Peter McVee,Home Office
525,525,LT-7110,1,1986,Gary Hwang,Consumer
526,526,HD-14785,0,1958,John Murray,Consumer
527,527,MC-7575,0,1977,Chad McGuire,Consumer
528,528,MH-18025,0,1964,Sung Chung,Consumer
529,529,CC-2475,1,1960,Guy Phonely,Corporate
530,530,CM-12190,0,1975,Art Ferguson,Consumer
531,531,RA-19915,0,1969,Tony Sayre,Consumer
532,532,MT-18070,1,1977,Craig Reiter,Consumer
533,533,JF-15415,1,1962,Fred Hopkins,Corporate
534,534,ES-14020,1,1982,Brendan Murry,Corporate
535,535,CC-12685,0,1951,Aaron Hawkins,Corporate
536,536,IM-15070,0,1967,Andrew Gjertsen,Corporate
537,537,DA-13450,0,1967,Brad Norvell,Corporate
538,538,SS-10410,0,1952,Mitch Willingham,Corporate
539,539,BM-11650,1,1981,Anna Gayman,Consumer
540,540,SW-20350,1,1977,Steven Ward,Corporate
541,541,CM-1830,0,1969,Chuck Sachs,Consumer
542,542,MY-17380,1,1984,Sally Knutson,Consumer
543,543,MS-7830,0,1982,Mike Pelletier,Home Office
544,544,HG-14965,0,1976,Arthur Gainer,Consumer
545,545,DC-13285,1,1990,Astrea Jones,Consumer
546,546,DL-13315,0,1964,Marc Crier,Consumer
547,547,JK-15370,1,1980,Jason Fortune-,Consumer
548,548,CH-2070,1,1968,Elpida Rittenbach,Corporate
549,549,MH-7440,1,1973,Magdelene Morse,Consumer
550,550,MC-17845,1,1963,Ed Jacobs,Consumer
551,551,PW-19030,1,1989,Maribeth Schnelling,Consumer
552,552,BS-11590,0,1971,Anthony Jacobs,Corporate
553,553,DO-13435,0,1963,Duane Huffman,Home Office
554,554,SG-20890,0,1949,Nathan Mautz,Home Office
555,555,SU-20665,1,1952,Harold Engle,Corporate
556,556,JC-16105,1,1978,Kean Thornton,Consumer
557,557,TB-21190,0,1982,Sarah Bern,Consumer
558,558,SV-10785,0,1970,Eugene Moren,Home Office
559,559,VP-21760,0,1959,Valerie Takahito,Home Office
560,560,LR-16915,1,1978,John Stevenson,Consumer
561,561,TH-21550,0,1980,Becky Castell,Home Office
562,562,TC-11145,0,1971,Nicole Fjeld,Home Office
563,563,JL-15235,0,1970,Frank Carlisle,Home Office
564,564,RK-19300,0,1963,Rob Haberlin,Consumer
565,565,CC-12670,0,1950,Randy Bradley,Consumer
566,566,DB-13555,0,1962,Carlos Soltero,Consumer
567,567,SG-20605,1,1951,Bart Watters,Corporate
568,568,MG-17890,0,1979,Chris McAfee,Consumer
569,569,MA-17560,1,1970,Laurel Workman,Corporate
570,570,CB-12025,0,1974,Rob Dowd,Consumer
571,571,DH-13075,1,1968,John Stevenson,Consumer
572,572,BT-11395,1,1978,Brian Thompson,Consumer
573,573,TT-11265,0,1970,Sheri Gordon,Consumer
574,574,TH-11235,1,1981,Amy Cox,Consumer
575,575,VG-21790,0,1977,Thomas Boland,Corporate
576,576,NW-18400,1,1968,Michael Dominguez,Corporate
577,577,VP-21730,1,1970,Justin Hirsh,Consumer
578,578,SS-20410,1,1966,Charles Crestani,Consumer
579,579,JE-15715,1,1956,Xylona Preis,Consumer
580,580,AG-270,1,1974,Todd Sumrall,Corporate
581,581,BW-11200,0,1951,Maris LaWare,Consumer
582,582,EK-13795,1,1967,Muhammed Yedwab,Corporate
583,583,SG-20080,0,1951,Ted Trevino,Consumer
584,584,SC-10725,1,1983,Brian Stugart,Consumer
585,585,AG-10525,1,1971,Nancy Lomonaco,Home Office
586,586,MG-18145,0,1955,Scot Coram,Corporate
587,587,BD-11605,0,1961,Carol Adams,Corporate
588,588,PB-19105,0,1955,Quincy Jones,Corporate
589,589,SC-20575,0,1959,Richard Eichhorn,Consumer
590,590,DO-3435,1,1984,Cathy Prescott,Corporate
591,591,CC-12220,0,1975,Joe Kamberova,Consumer
592,592,TS-21430,0,1965,Henia Zydlo,Consumer
593,593,AZ-10750,1,1977,Anemone Ratner,Consumer
594,594,IG-15085,0,1972,Erica Hernandez,Home Office
595,595,SP-20860,1,1975,Jocasta Rupert,Consumer
596,596,KM-16225,1,1969,Paul Lucas,Home Office
597,597,KM-6720,1,1969,Theresa Coyne,Corporate
598,598,MM-18055,1,1978,Deirdre Greer,Corporate
599,599,RB-19360,1,1981,Lindsay Williams,Corporate
600,600,NC-8415,0,1961,Dorris liebe,Corporate
601,601,SN-20710,0,1960,Sanjit Chand,Consumer
602,602,DL-3330,0,1955,Nathan Cano,Consumer
603,603,JG-15115,0,1948,Eric Barreto,Consumer
604,604,CJ-11875,1,1966,Guy Phonely,Corporate
605,605,AY-10555,1,1986,Sarah Bern,Consumer
606,606,BV-11245,0,1973,Cathy Prescott,Corporate
607,607,PO-9195,2,1956,Sally Matthias,Consumer
608,608,GZ-4545,0,1975,Jim Radford,Consumer
609,609,PN-18775,0,1965,Charles McCrossin,Consumer
610,610,SC-20800,0,1969,Daniel Lacy,Consumer
611,611,AC-10615,0,1944,Frank Merwin,Home Office
612,612,VB-21745,1,1973,David Philippe,Consumer
613,613,TT-11460,2,1967,Clytie Kelty,Consumer
614,614,AC-10420,0,1969,Rick Huthwaite,Home Office
615,615,CG-12040,1,1974,Gary McGarr,Consumer
616,616,TR-11325,2,1965,Cari MacIntyre,Corporate
617,617,SC-20440,1,1976,Paul Prost,Home Office
618,618,BT-11305,1,1978,Robert Waldorf,Consumer
619,619,JB-15925,0,1960,Magdelene Morse,Consumer
620,620,GW-14605,0,1961,Maria Etezadi,Home Office
621,621,SC-20725,0,1971,Cindy Schnelling,Corporate
622,622,EH-13765,0,1949,Gary Hansen,Home Office
623,623,YS-21880,1,1978,Maria Etezadi,Home Office
624,624,FO-14305,0,1955,Matthew Clasen,Corporate
625,625,RP-19855,1,1976,Valerie Takahito,Home Office
626,626,AB-10600,0,1975,Trudy Brown,Consumer
627,627,KB-16240,0,1960,Sarah Jordon,Consumer
628,628,KA-16525,1,1977,Carlos Daly,Consumer
629,629,EM-3960,1,1977,Tom Ashbrook,Home Office
630,630,JD-15790,1,1970,Denny Joy,Corporate
631,631,JL-15850,0,1958,Dave Poirier,Corporate
632,632,JW-16075,0,1970,Liz MacKendrick,Consumer
633,633,LL-6840,0,1960,Andrew Roberts,Consumer
634,634,TH-21100,0,1973,Jonathan Howell,Consumer
635,635,MC-17275,2,1962,Pauline Chand,Home Office
636,636,NG-8430,0,1952,Chris McAfee,Consumer
637,637,KD-16615,0,1962,Dennis Kane,Consumer
638,638,MC-17605,0,1950,Neoma Murray,Consumer
639,639,JK-15625,0,1971,Emily Grady,Consumer
640,640,TS-11505,0,1960,Adam Hart,Corporate
641,641,LD-6855,0,1948,Dana Kaydos,Consumer
642,642,LP-17080,0,1959,Ann Steele,Home Office
643,643,CV-12805,0,1964,Carl Ludwig,Consumer
644,644,MO-17500,0,1947,Christina Anderson,Consumer
645,645,MS-17530,1,1971,Philip Fox,Consumer
646,646,GA-14515,0,1970,Darren Budd,Corporate
647,647,CS-12355,1,1970,Pauline Chand,Home Office
648,648,GM-14500,0,1977,Vivek Sundaresam,Consumer
649,649,CC-2670,0,1958,Clay Ludtke,Consumer
650,650,MN-17935,0,1960,Daniel Raglin,Home Office
651,651,JM-16195,1,1985,Jim Radford,Consumer
652,652,DB-13615,0,1974,Neil Franzosisch,Home Office
653,653,PK-18910,0,1950,Maureen Fritzler,Corporate
654,654,LS-16945,0,1955,Ionia McGrath,Consumer
655,655,JK-15730,0,1975,Eric Barreto,Consumer
656,656,SW-10275,0,1953,Erica Bern,Corporate
657,657,MC-18100,0,1958,Alex Avila,Consumer
658,658,EH-13945,0,1947,John Huston,Consumer
659,659,LC-16930,1,1966,Mark Van Huff,Consumer
660,660,MA-17995,0,1963,Joni Wasserman,Consumer
661,661,SP-20650,1,1985,Laura Armstrong,Corporate
662,662,JH-15430,0,1975,Filia McAdams,Corporate
663,663,ML-17755,0,1980,Hunter Glantz,Consumer
664,664,PC-18745,0,1956,Helen Wasserman,Corporate
665,665,KE-16420,0,1959,Troy Staebel,Consumer
666,666,EM-4200,0,1974,Matt Collins,Consumer
667,667,DW-13480,1,1987,Matthew Clasen,Corporate
668,668,SC-10680,1,1968,Corey Roper,Home Office
669,669,JG-15805,1,1971,Jennifer Ferguson,Consumer
670,670,LL-16840,0,1964,Alan Hwang,Consumer
671,671,PV-8985,0,1962,Larry Hughes,Consumer
672,672,PO-19180,0,1970,Peter McVee,Home Office
673,673,SH-19975,0,1980,Phillina Ober,Home Office
674,674,GA-14725,0,1975,Mitch Gastineau,Corporate
675,675,GT-4755,2,1974,Bryan Mills,Consumer
676,676,PR-18880,0,1963,Katherine Ducich,Consumer
677,677,AG-10765,0,1979,Troy Staebel,Consumer
678,678,SE-20110,1,1985,Andrew Roberts,Consumer
679,679,JB-16045,0,1980,Paul Gonzalez,Consumer
680,680,JM-5580,0,1963,Liz Carlisle,Consumer
681,681,JO-15280,0,1967,Denny Joy,Corporate
682,682,LP-17095,0,1982,Heather Kirkland,Corporate
683,683,EJ-14155,0,1955,Caroline Jumper,Consumer
684,684,VW-21775,0,1967,Ralph Ritter,Consumer
685,685,GM-14455,0,1976,Hilary Holden,Corporate
686,686,BF-1080,0,1972,Stefanie Holloman,Corporate
687,687,SM-20905,0,1982,Stewart Visinsky,Consumer
688,688,BO-1425,0,1989,Anthony Rawles,Corporate
689,689,AW-10930,0,1969,Dianna Vittorini,Consumer
690,690,JP-15460,0,1960,Roy Phan,Corporate
691,691,AS-10240,0,1970,Natalie Fritzler,Consumer
692,692,TB-11625,0,1958,Denise Monton,Corporate
693,693,JP-5520,0,1952,Lisa Ryan,Corporate
694,694,BD-11770,1,1949,Daniel Raglin,Home Office
695,695,BD-11635,0,1961,Art Ferguson,Consumer
696,696,CC-2370,0,1995,Ionia McGrath,Consumer
697,697,PO-8850,1,1949,Vivek Grady,Corporate
698,698,TZ-21445,0,1961,Christine Kargatis,Home Office
699,699,RB-19435,0,1960,Alejandro Savely,Corporate
700,700,JE-15475,0,1973,Darren Koutras,Consumer
701,701,AI-10855,2,1978,Emily Ducich,Home Office
702,702,MH-17440,0,1978,Rick Wilson,Corporate
703,703,JE-6165,0,1988,Evan Henry,Consumer
704,704,DS-13180,1,1968,Marina Lichtenstein,Corporate
705,705,AC-10660,1,1986,Benjamin Farhat,Home Office
706,706,MH-17455,1,1970,Maria Bertelson,Consumer
707,707,CC-12430,0,1951,Clay Rozendal,Home Office
708,708,NG-18355,0,1948,Tracy Blumstein,Consumer
709,709,RC-19825,1,1971,Kean Nguyen,Corporate
710,710,JD-16015,1,1986,Hallie Redmond,Home Office
711,711,JH-5910,0,1965,Cyma Kinney,Corporate
712,712,SC-10695,1,1975,Phillip Breyer,Corporate
713,713,RD-9930,0,1953,Amy Cox,Consumer
714,714,LC-6930,1,1982,Dario Medina,Corporate
715,715,DW-13195,0,1975,Andrew Allen,Consumer
716,716,RD-19900,0,1960,Ellis Ballard,Corporate
717,717,MV-18190,1,1978,Rose O'Brian,Consumer
718,718,RD-19480,0,1970,Kunst Miller,Consumer
719,719,SV-20365,1,1958,Mathew Reese,Home Office
720,720,LS-17230,0,1965,Susan Pistek,Consumer
721,721,GD-14590,0,1954,Edward Nazzal,Consumer
722,722,EB-13750,1,1984,Amy Hunt,Consumer
723,723,KH-6360,0,1965,Ellis Ballard,Corporate
724,724,BF-11275,1,1976,Angele Hood,Consumer
725,725,NG-18430,0,1966,Cynthia Voltz,Corporate
726,726,Co-12640,0,1955,Jason Klamczynski,Corporate
727,727,SF-20965,0,1976,Richard Bierner,Consumer
728,728,KB-16405,2,1965,Andy Gerbode,Corporate
729,729,LC-16870,0,1991,Alex Russell,Corporate
730,730,JL-15505,1,1949,Mitch Webber,Consumer
731,731,BD-11725,1,1953,Alan Hwang,Consumer
732,732,TM-21010,1,1978,Frank Carlisle,Home Office
733,733,AB-150,1,1948,Maris LaWare,Consumer
734,734,BW-11065,1,1973,Tiffany House,Corporate
735,735,FM-14380,0,1949,Thomas Boland,Corporate
736,736,PC-8745,0,1973,Tamara Willingham,Home Office
737,737,BN-1470,0,1952,Liz Thompson,Consumer
738,738,AH-10120,1,1989,Katherine Nockton,Corporate
739,739,LF-17185,0,1969,Harold Dahlen,Home Office
740,740,DJ-13630,0,1953,Corey Catlett,Corporate
741,741,SJ-20125,1,1956,Brad Eason,Home Office
742,742,ML-18265,1,1950,Matt Collins,Consumer
743,743,SF-10965,1,1978,Chuck Sachs,Consumer
744,744,PO-8865,0,1964,Maria Etezadi,Home Office
745,745,MH-17290,0,1952,Scott Williamson,Consumer
746,746,NR-18550,1,1975,Michelle Huthwaite,Consumer
747,747,MK-17905,0,1995,Cyra Reiten,Home Office
748,748,DB-13660,1,1970,Harry Marie,Corporate
749,749,PH-18790,0,1954,Cindy Chapman,Consumer
750,750,AB-10165,0,1972,Janet Martin,Consumer
751,751,CA-12055,0,1958,Paul Stevenson,Home Office
752,752,JF-5295,0,1975,Charlotte Melton,Consumer
753,753,KT-16465,0,1969,Quincy Jones,Corporate
754,754,RB-9705,0,1979,Tony Sayre,Consumer
755,755,BD-1725,0,1978,Justin Deggeller,Corporate
756,756,EB-13705,0,1972,Cari Schnelling,Consumer
757,757,MG-17875,0,1964,Kunst Miller,Consumer
758,758,MG-17650,1,1979,Russell Applegate,Consumer
759,759,AG-10270,0,1959,Sarah Brown,Consumer
760,760,NP-8685,1,1981,Michelle Tran,Home Office
761,761,AS-630,1,1967,Jennifer Ferguson,Consumer
762,762,SC-20680,0,1988,Michelle Tran,Home Office
763,763,MC-17590,1,1978,Erica Smith,Consumer
764,764,TP-11415,0,1952,Katherine Murray,Home Office
765,765,HH-15010,0,1955,Ann Blume,Corporate
766,766,BT-11485,0,1977,Paul Stevenson,Home Office
767,767,EB-13870,0,1987,Erica Bern,Corporate
768,768,JP-15520,0,1965,Art Ferguson,Consumer
769,769,CM-2115,0,1956,Mark Cousins,Corporate
770,770,EA-14035,0,1979,Craig Carroll,Consumer
771,771,FH-14350,0,1951,Eugene Hildebrand,Home Office
772,772,BS-1800,1,1965,Irene Maddox,Consumer
773,773,AA-10375,1,1972,Brian Stugart,Consumer
774,774,BN-11515,0,1957,Sean Miller,Home Office
775,775,EG-3900,1,1953,Dianna Arnett,Home Office
776,776,RE-19405,0,1965,Dave Brooks,Consumer
777,777,ND-18460,0,1958,Shahid Shariari,Consumer
778,778,TT-21460,1,1955,Brian Moss,Corporate
779,779,ML-18040,0,1971,Lena Creighton,Consumer
780,780,JL-5505,0,1974,Tamara Chand,Corporate
781,781,SP-20545,1,1976,Sean Wendt,Home Office
782,782,SF-10065,1,1970,Jane Waco,Corporate
783,783,AS-10045,1,1972,Dianna Arnett,Home Office
784,784,TT-11220,1,1972,Cari MacIntyre,Corporate
785,785,AH-10195,1,1986,Cari Sayre,Corporate
786,786,KH-6630,1,1960,Meg O'Connel,Home Office
787,787,AA-10645,0,1968,Craig Reiter,Consumer
788,788,JL-15130,1,1978,Maribeth Yedwab,Corporate
789,789,KM-6375,0,1976,Melanie Seite,Consumer
790,790,LS-16975,0,1945,Steven Ward,Corporate
791,791,KL-16645,0,1957,Henry Goldwyn,Corporate
792,792,EH-14185,0,1950,Maureen Gastineau,Home Office
793,793,KW-6570,1,1978,Debra Catini,Consumer
794,794,DB-3060,0,1961,Delfina Latchford,Consumer
795,795,FA-14230,0,1962,Tiffany House,Corporate
796,796,JF-15565,0,1954,Dave Brooks,Consumer
797,797,LO-7170,0,1965,Jay Kimmel,Consumer
798,798,KB-6315,0,1973,Alejandro Savely,Corporate
799,799,BS-11755,1,1968,Cathy Hwang,Home Office
800,800,RB-19465,0,1970,Shui Tom,Consumer
801,801,HF-14995,1,1956,Susan Pistek,Consumer
802,802,MP-17965,1,1951,Mark Haberlin,Corporate
803,803,JJ-15445,0,1944,Michael Chen,Consumer
804,804,LC-17140,0,1958,Cari Sayre,Corporate
805,805,TT-11070,0,1976,Pauline Webber,Corporate
806,806,BF-11020,0,1971,Brendan Sweed,Corporate
807,807,ES-14080,0,1957,Pete Kriz,Consumer
808,808,FC-14335,1,1972,Denny Ordway,Consumer
809,809,TS-21160,0,1972,Susan Gilcrest,Corporate
810,810,RE-9450,0,1981,Stephanie Ulpright,Home Office
811,811,JC-15340,1,1972,Julie Creighton,Corporate
812,812,MH-17785,0,1975,Vivek Grady,Corporate
813,813,RF-19840,0,1955,Thomas Brumley,Home Office
814,814,PG-18820,0,1986,Karen Daniels,Consumer
815,815,DO-13645,0,1970,Becky Martin,Consumer
816,816,SC-10305,1,1976,Stewart Visinsky,Consumer
817,817,TN-21040,0,1954,Aaron Hawkins,Corporate
818,818,DR-12880,0,1972,William Brown,Consumer
819,819,EB-3975,1,1978,Victoria Pisteka,Corporate
820,820,NS-8505,0,1980,Emily Grady,Consumer
821,821,SF-20065,1,1972,Theresa Coyne,Corporate
822,822,RA-19285,0,1961,Lena Radford,Consumer
823,823,LT-17110,0,1963,Grace Kelly,Corporate
824,824,BF-11170,0,1959,Michael Dominguez,Corporate
825,825,AR-825,0,1959,Tracy Hopkins,Home Office
826,826,SD-20485,1,1954,Harold Dahlen,Home Office
827,827,GW-4605,1,1962,Theone Pippenger,Consumer
828,828,DB-13120,0,1958,Theresa Coyne,Corporate
829,829,JC-5775,1,1984,Janet Lee,Consumer
830,830,ND-8460,1,1976,Denise Monton,Corporate
831,831,TC-11295,0,1992,Ralph Kennedy,Consumer
832,832,DM-2955,0,1967,Craig Carreira,Consumer
833,833,PJ-9015,1,1980,Tamara Chand,Corporate
834,834,JH-5820,1,1967,Dorothy Badders,Corporate
835,835,ME-18010,0,1956,Christopher Martinez,Consumer
836,836,AH-10690,1,1972,Barry Gonzalez,Consumer
837,837,RD-19660,0,1980,Speros Goranitis,Consumer
838,838,CD-1980,0,1980,Carol Adams,Corporate
839,839,CL-2565,0,1977,Michael Granlund,Home Office
840,840,MO-7800,1,1950,Matt Abelman,Home Office
841,841,CR-2580,0,1974,Magdelene Morse,Consumer
842,842,TC-10980,1,1988,Trudy Glocke,Consumer
843,843,RD-9900,1,1981,Christopher Conant,Consumer
844,844,CS-12250,0,1960,Sung Chung,Consumer
845,845,CH-12070,0,1970,Penelope Sewall,Home Office
846,846,JF-15355,0,1991,Cassandra Brandow,Consumer
847,847,AS-135,0,1956,Dave Hallsten,Corporate
848,848,SP-20620,0,1963,Bill Tyler,Corporate
849,849,EC-14050,2,1980,Shirley Jackson,Consumer
850,850,IG-5085,0,1974,Michael Chen,Consumer
851,851,TB-21355,0,1954,Mitch Gastineau,Corporate
852,852,MH-17620,0,1957,Russell Applegate,Consumer
853,853,GT-14755,1,1966,Tim Taslimi,Corporate
854,854,DF-13135,0,1974,Tiffany House,Corporate
855,855,AS-240,0,1979,Darrin Martin,Consumer
856,856,PG-8820,0,1973,Vivek Gonzalez,Consumer
857,857,JS-6030,2,1985,Joni Wasserman,Consumer
858,858,SS-20590,1,1966,Zuschuss Carroll,Consumer
859,859,CS-2490,0,1989,Natalie Fritzler,Consumer
860,860,CM-2715,1,1969,Natalie Webber,Consumer
861,861,BM-1140,1,1969,Helen Wasserman,Corporate
862,862,RD-19720,0,1987,Victor Preis,Home Office
863,863,LD-17005,1,1989,Shahid Shariari,Consumer
864,864,EB-3705,1,1975,Joe Elijah,Consumer
865,865,RH-19555,0,1973,Alejandro Grove,Consumer
866,866,JP-6135,0,1966,Nat Carroll,Consumer
867,867,PB-9210,2,1986,Brian Stugart,Consumer
868,868,LC-16960,0,1978,Ben Wallace,Consumer
869,869,JC-15385,1,1979,Filia McAdams,Corporate
870,870,IL-15100,0,1983,Eileen Kiefer,Home Office
871,871,SW-10245,0,1959,Sandra Glassco,Consumer
872,872,CP-2340,1,1976,Peter Fuller,Consumer
873,873,NS-18640,1,1981,Nancy Lomonaco,Home Office
874,874,TR-21325,1,1978,Steven Cartwright,Consumer
875,875,NF-8385,0,1953,Christina Anderson,Consumer
876,876,TZ-21580,1,1971,Brenda Bowman,Corporate
877,877,TB-11055,1,1983,Neoma Murray,Consumer
878,878,AJ-10795,0,1956,Andy Gerbode,Corporate
879,879,GH-14485,1,1978,Paul Lucas,Home Office
880,880,AG-10300,1,1972,Aaron Bergman,Consumer
881,881,EH-3945,0,1975,Tony Sayre,Consumer
882,882,JD-6150,2,1975,Mike Gockenbach,Consumer
883,883,KH-16360,1,1981,Christopher Martinez,Consumer
884,884,JB-6045,0,1972,Rob Dowd,Consumer
885,885,AH-585,0,1970,Tamara Willingham,Home Office
886,886,MS-7530,2,1953,Patrick Jones,Corporate
887,887,HA-14905,1,1959,Brian Dahlen,Consumer
888,888,JG-15310,1,1962,Peter Buhler,Consumer
889,889,CD-1920,0,1978,Aimee Bixby,Consumer
890,890,TC-21535,1,1973,Grace Kelly,Corporate
891,891,PB-9105,1,1965,Sonia Cooley,Consumer
892,892,AR-10405,0,1983,Cindy Chapman,Consumer
893,893,NK-18490,1,1991,Denny Ordway,Consumer
894,894,MG-7695,0,1943,Neola Schneider,Consumer
895,895,AJ-10945,0,1972,Chris Cortes,Consumer
896,896,RS-19420,0,1956,Tom Stivers,Corporate
897,897,SC-20770,0,1958,Valerie Mitchum,Home Office
898,898,LM-17065,1,1974,Annie Zypern,Consumer
899,899,DP-13000,1,1986,Sara Luxemburg,Home Office
900,900,RD-9660,0,1958,Ivan Gibson,Consumer
901,901,LB-16735,0,1970,Sung Pak,Corporate
902,902,MZ-17515,0,1967,Gary Zandusky,Consumer
903,903,ER-3855,0,1973,Kalyca Meade,Corporate
904,904,MS-17710,1,1969,Bill Shonely,Corporate
905,905,LC-6960,0,1977,Theresa Coyne,Corporate
906,906,GZ-14545,0,1961,Kunst Miller,Consumer
907,907,JK-5625,1,1971,Gary McGarr,Consumer
908,908,JJ-15760,1,1974,Angele Hood,Consumer
909,909,CA-2265,0,1986,Barbara Fisher,Corporate
910,910,CC-2220,0,1966,Michelle Moray,Consumer
911,911,KL-6555,0,1992,Natalie Fritzler,Consumer
912,912,CS-2175,0,1963,Raymond Buch,Consumer
913,913,KL-16555,1,1972,Nathan Cano,Consumer
914,914,RD-9810,0,1994,Georgia Rosenberg,Corporate
915,915,AJ-945,0,1954,Todd Sumrall,Corporate
916,916,CC-2685,0,1960,Steve Nguyen,Home Office
917,917,LO-17170,0,1982,Denise Leinenbach,Consumer
918,918,DE-13255,0,1954,Ben Peterman,Corporate
919,919,RF-9345,0,1954,Jack Garza,Consumer
920,920,SC-20020,1,1955,Carl Jackson,Corporate
921,921,DW-13585,0,1993,Andy Yotov,Corporate
922,922,EM-4065,1,1969,Christine Phan,Corporate
923,923,TD-20995,1,1948,Mark Packer,Home Office
924,924,BD-11320,1,1986,Pauline Johnson,Consumer
925,925,CW-11905,0,1979,Nathan Cano,Consumer
926,926,CK-2325,0,1978,Benjamin Venier,Corporate
927,927,BP-11095,0,1982,Laurel Workman,Corporate
928,928,DV-3465,0,1993,Bobby Odegard,Consumer
929,929,MY-7380,0,1976,Denny Joy,Corporate
930,930,PB-9150,0,1974,Ellis Ballard,Corporate
931,931,AG-10390,1,1989,Sheri Gordon,Consumer
932,932,KW-16570,0,1951,Phillina Ober,Home Office
933,933,JF-5190,1,1989,Cari Sayre,Corporate
934,934,GB-14575,0,1952,Ken Black,Corporate
935,935,MR-7545,1,1971,Eugene Moren,Home Office
936,936,MO-17950,0,1971,Katherine Nockton,Corporate
937,937,TA-11385,0,1970,Sara Luxemburg,Home Office
938,938,JM-5655,0,1971,Kimberly Carter,Corporate
939,939,JS-5880,1,1975,Chad McGuire,Consumer
940,940,HP-14815,1,1952,George Zrebassa,Corporate
941,941,CS-12400,0,1962,Darren Koutras,Consumer
942,942,DE-3255,0,1983,Adam Shillingsburg,Consumer
943,943,JD-6015,0,1953,Darren Koutras,Consumer
944,944,CR-2730,0,1986,Parhena Norris,Home Office
945,945,RC-9960,0,1987,Michael Stewart,Corporate
946,946,AO-10810,0,1982,Eugene Hildebrand,Home Office
947,947,TB-11250,1,1979,Arthur Gainer,Consumer
948,948,RA-9285,1,1977,Aimee Bixby,Consumer
949,949,MG-8205,0,1975,Brendan Sweed,Corporate
950,950,MY-8295,1,1979,Sean Braxton,Corporate
951,951,SR-20425,1,1976,Ben Peterman,Corporate
952,952,BT-1530,1,1973,Brosina Hoffman,Consumer
953,953,LS-7245,2,1971,Alejandro Savely,Corporate
954,954,AB-10255,1,1976,Liz MacKendrick,Consumer
955,955,TH-21115,1,1976,Stuart Calhoun,Consumer
956,956,LC-6885,0,1965,Maria Etezadi,Home Office
957,957,AC-660,0,1952,Arthur Prichep,Consumer
958,958,EM-14095,1,1973,Stuart Van,Corporate
959,959,BO-11350,0,1957,Ann Chong,Corporate
960,960,DM-3015,0,1967,Mike Pelletier,Home Office
961,961,DD-13570,0,1962,Victoria Brennan,Corporate
962,962,KN-16705,1,1969,Tonja Turnell,Home Office
963,963,HM-14980,0,1975,Pamela Stobb,Consumer
964,964,FM-4215,1,1980,Rick Reed,Corporate
965,965,JO-15145,0,1959,Alyssa Crouse,Corporate
966,966,TC-11535,0,1973,Theone Pippenger,Consumer
967,967,JK-15205,1,1973,Catherine Glotzbach,Home Office
968,968,DA-3450,1,1974,Barry Gonzalez,Consumer
969,969,DB-12910,1,1980,Clay Rozendal,Home Office
970,970,EH-4005,0,1988,Toby Ritter,Consumer
971,971,DN-13690,2,1968,Shaun Chance,Corporate
972,972,AS-10135,1,1988,Cynthia Arntzen,Consumer
973,973,MC-18130,0,1959,Brian Thompson,Consumer
974,974,MM-18280,0,1971,Beth Thompson,Home Office
975,975,RL-9615,0,1962,Christopher Conant,Consumer
976,976,MA-7560,0,1959,Brooke Gillingham,Corporate
977,977,HG-4845,2,1965,Debra Catini,Consumer
978,978,PB-8805,1,1952,Joel Eaton,Consumer
979,979,RW-19630,0,1954,Dean Braden,Consumer
980,980,BT-11440,1,1960,Luke Schmidt,Corporate
981,981,JC-5385,0,1965,Brad Norvell,Corporate
982,982,HR-4770,1,1979,Bill Eplett,Home Office
983,983,DB-3615,0,1978,Michelle Huthwaite,Consumer
984,984,JK-6120,0,1950,Melanie Seite,Consumer
985,985,SW-20455,0,1974,Joni Blumstein,Consumer
986,986,GH-4425,0,1978,Tamara Willingham,Home Office
987,987,GB-4575,0,1969,Giulietta Weimer,Consumer
988,988,PA-19060,0,1976,Steven Cartwright,Consumer
989,989,CA-2775,1,1956,Lena Radford,Consumer
990,990,CV-12295,0,1954,Edward Hooks,Corporate
991,991,PO-9180,1,1972,Phillip Breyer,Corporate
992,992,NC-18535,1,1981,Yana Sorensen,Corporate
993,993,GZ-4470,1,1989,Frank Olsen,Consumer
994,994,AM-360,1,1954,Stuart Van,Corporate
995,995,AA-480,0,1995,Jennifer Ferguson,Consumer
996,996,TB-21595,0,1978,Helen Andreada,Consumer
997,997,KH-16630,1,1957,Clytie Kelty,Consumer
998,998,TS-21655,1,1973,Saphhira Shifley,Corporate
999,999,CD-11980,0,1956,Roy Phan,Corporate
1000,1000,DB-13360,0,1956,Adam Bellavance,Home Office
1001,1001,SK-9990,0,1987,Corinna Mitchell,Home Office
1002,1002,PT-19090,1,1981,Liz Thompson,Consumer
1003,1003,EH-13990,1,1987,Randy Bradley,Consumer
1004,1004,ME-17725,0,1954,Luke Weiss,Consumer
1005,1005,ZD-21925,0,1954,Andrew Roberts,Consumer
1006,1006,MW-8235,0,1953,Arthur Gainer,Consumer
1007,1007,BP-11050,0,1952,Ann Blume,Corporate
1008,1008,RC-19960,1,1968,Jill Stevenson,Corporate
1009,1009,PN-8775,1,1963,Logan Haushalter,Consumer
1010,1010,CB-12535,0,1979,Karen Bern,Corporate
1011,1011,LR-7035,0,1976,Kelly Andreada,Consumer
1012,1012,JG-5160,1,1978,Becky Martin,Consumer
1013,1013,SC-10845,0,1968,James Lanier,Home Office
1014,1014,DK-13225,1,1971,Eric Murdock,Consumer
1015,1015,CG-2520,0,1951,Alan Schoenberger,Corporate
1016,1016,RS-19870,0,1965,Jill Stevenson,Corporate
1017,1017,DK-2835,0,1969,Scot Coram,Corporate
1018,1018,CM-2385,1,1973,John Dryer,Consumer
1019,1019,JE-5745,0,1976,John Lucas,Consumer
1020,1020,CA-1965,1,1973,Julia West,Consumer
1021,1021,Dl-3600,1,1974,Lauren Leatherbury,Consumer
1022,1022,DL-2865,1,1953,Thea Hendricks,Consumer
1023,1023,CM-2445,0,1966,Marc Crier,Consumer
1024,1024,DB-13270,1,1978,Nathan Gelder,Consumer
1025,1025,EB-4110,0,1967,Maris LaWare,Consumer
1026,1026,BD-11620,1,1978,Ken Dana,Corporate
1027,1027,MN-7935,1,1987,Matt Connell,Corporate
1028,1028,DB-2910,0,1958,Daniel Lacy,Consumer
1029,1029,LH-7155,0,1964,Jim Karlsson,Consumer
1030,1030,JS-5940,0,1971,Bradley Drucker,Consumer
1031,1031,GH-4410,0,1971,Zuschuss Carroll,Consumer
1032,1032,SC-10380,0,1969,Cathy Prescott,Corporate
1033,1033,SL-10155,1,1977,Laurel Beltran,Home Office
1034,1034,EK-3795,0,1973,Kean Nguyen,Corporate
1035,1035,PH-8790,0,1980,Tony Molinari,Consumer
1036,1036,HD-4785,1,1958,Tony Sayre,Consumer
1037,1037,CM-2190,1,1972,Angele Hood,Consumer
1038,1038,AR-570,1,1971,Lela Donovan,Corporate
1039,1039,BT-1305,0,1953,Liz Pelletier,Consumer
1040,1040,MH-7785,0,1959,Kelly Andreada,Consumer
1041,1041,SC-10260,1,1954,Corey Roper,Home Office
1042,1042,LW-7125,0,1991,David Kendrick,Corporate
1043,1043,SM-10905,0,1962,Keith Dawkins,Corporate
1044,1044,TT-21265,1,1986,Brenda Bowman,Corporate
1045,1045,EJ-3720,0,1965,Cynthia Voltz,Corporate
1046,1046,RS-9765,0,1966,Brad Norvell,Corporate
1047,1047,EM-4095,0,1960,Carlos Meador,Consumer
1048,1048,AJ-10960,1,1984,Sally Knutson,Consumer
1049,1049,BD-1770,0,1966,Bobby Elias,Consumer
1050,1050,BE-1410,0,1965,Kunst Miller,Consumer
1051,1051,KC-6255,1,1966,Tracy Blumstein,Consumer
1052,1052,DV-3045,0,1949,Julie Creighton,Corporate
1053,1053,JD-5895,1,1970,Mary O'Rourke,Consumer
1054,1054,JM-5865,1,1983,Joy Smith,Consumer
1055,1055,JK-5205,0,1985,Paul MacIntyre,Consumer
1056,1056,CL-2700,0,1974,MaryBeth Skach,Consumer
1057,1057,GG-4650,0,1951,George Ashbrook,Consumer
1058,1058,LS-6945,0,1952,Christine Sundaresam,Consumer
1059,1059,JL-5850,0,1987,Scot Wooten,Consumer
1060,1060,VP-11760,1,1949,Cathy Prescott,Corporate
1061,1061,NF-8595,0,1958,Brian Moss,Corporate
1062,1062,LE-16810,0,1987,Philip Fox,Consumer
1063,1063,JJ-5445,1,1973,Bill Stewart,Corporate
1064,1064,CS-2130,0,1964,Julie Kriz,Home Office
1065,1065,BM-1575,1,1961,Gene McClure,Consumer
1066,1066,AC-615,0,1992,Dave Brooks,Consumer
1067,1067,HG-5025,0,1965,Roland Schwarz,Corporate
1068,1068,TB-11400,0,1956,Cindy Chapman,Consumer
1069,1069,RB-9330,0,1978,Vicky Freymann,Home Office
1070,1070,JP-5460,1,1971,Cari Sayre,Corporate
1071,1071,JL-5175,0,1966,Henry Goldwyn,Corporate
1072,1072,AA-315,0,1955,Craig Carreira,Consumer
1073,1073,TS-11370,0,1953,Katherine Murray,Home Office
1074,1074,SS-10140,0,1958,Harold Ryan,Corporate
1075,1075,DP-3000,0,1961,Emily Ducich,Home Office
1076,1076,JS-5685,0,1981,Tracy Blumstein,Consumer
1077,1077,PW-19240,1,1976,Mitch Webber,Consumer
1078,1078,NW-8400,1,1968,Rob Haberlin,Consumer
1079,1079,TS-11340,1,1978,Sean Braxton,Corporate
1080,1080,JH-5985,0,1965,Michael Nguyen,Consumer
1081,1081,NG-8355,1,1971,Justin MacKendrick,Consumer
1082,1082,FP-14320,0,1956,Resi Polking,Consumer
1083,1083,SH-20395,1,1982,Doug Bickford,Consumer
1084,1084,JP-16135,0,1970,Laurel Beltran,Home Office
1085,1085,JM-5250,0,1977,Paul Knutson,Home Office
1086,1086,MA-7995,1,1970,Linda Southworth,Corporate
1087,1087,DR-2940,0,1958,Clay Ludtke,Consumer
1088,1088,BF-1020,1,1983,Joe Kamberova,Consumer
1089,1089,CS-2400,0,1958,Jamie Frazer,Consumer
1090,1090,JM-15535,0,1973,Christine Sundaresam,Consumer
1091,1091,JS-15940,1,1974,Scott Williamson,Consumer
1092,1092,AF-870,0,1959,Bill Tyler,Corporate
1093,1093,NP-8670,1,1972,Gary Hwang,Consumer
1094,1094,SU-10665,1,1965,Mick Crebagga,Consumer
1095,1095,RD-9585,0,1979,Nick Zandusky,Home Office
1096,1096,TP-21565,0,1958,Natalie Fritzler,Consumer
1097,1097,LA-6780,0,1986,Shahid Shariari,Consumer
1098,1098,LH-7020,1,1982,Eric Hoffmann,Consumer
1099,1099,JE-5475,0,1979,Sally Knutson,Consumer
1100,1100,ES-4080,0,1975,Linda Cazamias,Corporate
1101,1101,EM-4140,0,1979,Cari Sayre,Corporate
1102,1102,DS-13030,1,1986,Nicole Hansen,Corporate
1103,1103,ZD-11925,1,1970,Justin MacKendrick,Consumer
1104,1104,JO-5550,1,1972,Michael Granlund,Home Office
1105,1105,TB-11595,0,1960,Paul Lucas,Home Office
1106,1106,GM-4500,0,1952,Michelle Arnett,Home Office
1107,1107,DD-3570,0,1970,Stephanie Phelps,Corporate
1108,1108,FH-4365,1,1974,Robert Waldorf,Consumer
1109,1109,MK-18160,1,1965,Adam Hart,Corporate
1110,1110,NM-8445,0,1954,Jennifer Halladay,Consumer
1111,1111,JF-5355,0,1983,Patrick O'Brill,Consumer
1112,1112,BF-975,1,1973,Karl Braun,Consumer
1113,1113,SS-20875,0,1960,Karen Daniels,Consumer
1114,1114,PF-9165,1,1984,Jason Fortune-,Consumer
1115,1115,SV-10365,0,1971,Zuschuss Carroll,Consumer
1116,1116,BB-10990,1,1983,Max Ludwig,Home Office
1117,1117,PW-9240,0,1983,Cynthia Delaney,Home Office
1118,1118,JF-15490,0,1966,Pamela Coakley,Corporate
1119,1119,CW-1905,0,1978,Giulietta Weimer,Consumer
1120,1120,LC-7140,0,1968,Meg Tillman,Consumer
1121,1121,HK-4890,1,1979,Katrina Edelman,Corporate
1122,1122,BT-1440,1,1973,Evan Minnotte,Home Office
1123,1123,RD-19810,1,1979,Dianna Wilson,Home Office
1124,1124,KL-6645,0,1954,Steve Carroll,Home Office
1125,1125,VG-11805,1,1962,Michelle Huthwaite,Consumer
1126,1126,PF-9225,1,1966,John Grady,Corporate
1127,1127,AB-15,2,1977,Lauren Leatherbury,Consumer
1128,1128,LW-6990,0,1985,Paul Van Hugh,Home Office
1129,1129,PS-8970,0,1952,Philisse Overcash,Home Office
1130,1130,LW-17125,0,1951,Gary Hansen,Home Office
1131,1131,MC-7590,1,1967,Roland Schwarz,Corporate
1132,1132,JO-15550,1,1978,Sally Hughsby,Corporate
1133,1133,SJ-10125,0,1976,Adam Hart,Corporate
1134,1134,SS-20515,0,1985,Sarah Bern,Consumer
1135,1135,RB-19645,1,1974,Jennifer Ferguson,Consumer
1136,1136,BP-1050,1,1968,Darren Koutras,Consumer
1137,1137,PG-8895,0,1962,Guy Armstrong,Consumer
1138,1138,RM-19750,0,1989,Xylona Preis,Consumer
1139,1139,KM-6225,0,1961,Guy Thornton,Consumer
1140,1140,AH-120,0,1953,Helen Andreada,Consumer
1141,1141,BM-1785,1,1989,Patrick Ryan,Consumer
1142,1142,NR-8550,1,1978,Jason Fortune-,Consumer
1143,1143,EB-14170,0,1962,Anthony Witt,Consumer
1144,1144,PB-19150,0,1945,Anna Gayman,Consumer
1145,1145,TP-11130,1,1974,Carl Jackson,Corporate
1146,1146,KN-6450,1,1981,Brian Dahlen,Consumer
1147,1147,RD-9720,1,1956,Anthony Garverick,Home Office
1148,1148,RS-9870,0,1954,Sanjit Engle,Consumer
1149,1149,EB-3840,1,1986,Elizabeth Moffitt,Corporate
1150,1150,TC-21475,0,1943,Darrin Martin,Consumer
1151,1151,BH-1710,0,1964,Rob Lucas,Consumer
1152,1152,MH-7620,0,1979,Victor Preis,Home Office
1153,1153,PT-9090,0,1974,Julia Barnett,Home Office
1154,1154,DC-2850,0,1960,Michael Dominguez,Corporate
1155,1155,AG-900,1,1963,Jill Matthias,Consumer
1156,1156,DC-12850,1,1976,Sean Christensen,Consumer
1157,1157,JF-5565,0,1974,Corey Catlett,Corporate
1158,1158,SR-10740,0,1961,Jas O'Carroll,Consumer
1159,1159,MK-7905,0,1951,Liz Preis,Consumer
1160,1160,JK-5370,0,1965,Eugene Moren,Home Office
1161,1161,GM-4680,1,1956,Philisse Overcash,Home Office
1162,1162,PC-9000,0,1965,Heather Kirkland,Corporate
1163,1163,DL-3315,0,1994,Mick Hernandez,Home Office
1164,1164,JL-5235,0,1974,Maureen Gnade,Consumer
1165,1165,BB-990,0,1972,Anne Pryor,Home Office
1166,1166,RP-9390,0,1968,Sanjit Engle,Consumer
1167,1167,ES-4020,1,1968,Jason Klamczynski,Corporate
1168,1168,MH-7455,0,1948,Ralph Kennedy,Consumer
1169,1169,JD-5790,0,1969,Eva Jacobs,Consumer
1170,1170,DB-3270,0,1996,Irene Maddox,Consumer
1171,1171,PK-9075,0,1974,Victoria Wilson,Corporate
1172,1172,NM-8520,0,1990,Joy Bell-,Consumer
1173,1173,MO-7500,1,1957,Art Ferguson,Consumer
1174,1174,SG-10890,1,1979,Art Ferguson,Consumer
1175,1175,MF-8250,0,1960,Gary Mitchum,Home Office
1176,1176,JG-5310,1,1952,Theone Pippenger,Consumer
1177,1177,YS-11880,0,1981,Meg Tillman,Consumer
1178,1178,FC-4245,1,1981,Bart Folk,Consumer
1179,1179,BW-1110,0,1991,Susan MacKendrick,Consumer
1180,1180,BS-1590,0,1950,Don Weiss,Consumer
1181,1181,CS-2460,0,1957,Bobby Odegard,Consumer
1182,1182,MH-7290,0,1961,Stephanie Phelps,Corporate
1183,1183,KE-6420,1,1958,Quincy Jones,Corporate
1184,1184,AJ-780,1,1971,Carlos Meador,Consumer
1185,1185,MM-7920,1,1985,Arthur Wiediger,Home Office
1186,1186,ML-8265,1,1965,Damala Kotsonis,Corporate
1187,1187,RR-9315,0,1952,Chris McAfee,Consumer
1188,1188,JF-5490,0,1962,Art Foster,Consumer
1189,1189,AG-765,0,1974,Mark Packer,Home Office
1190,1190,DS-3030,0,1970,Olvera Toch,Consumer
1191,1191,AH-75,0,1969,Odella Nelson,Corporate
1192,1192,NB-18580,0,1960,Jennifer Patt,Corporate
1193,1193,KD-6270,0,1952,Alan Shonely,Consumer
1194,1194,MJ-7740,1,1969,Trudy Brown,Consumer
1195,1195,DM-3525,0,1968,Jeremy Pistek,Consumer
1196,1196,GH-4665,0,1965,Denny Blanton,Consumer
1197,1197,RM-9675,1,1969,Justin Deggeller,Corporate
1198,1198,TS-11610,0,1972,Bryan Davis,Consumer
1199,1199,PR-8880,0,1961,Erica Bern,Corporate
1200,1200,HP-4815,1,1977,Brian Derr,Consumer
1201,1201,EC-4050,0,1959,Laurel Beltran,Home Office
1202,1202,BF-1005,0,1958,Georgia Rosenberg,Corporate
1203,1203,SC-10050,1,1979,Christopher Conant,Consumer
1204,1204,DM-3345,0,1957,Greg Maxwell,Corporate
1205,1205,CD-2280,0,1956,Art Foster,Consumer
1206,1206,BP-1095,0,1965,Patrick O'Brill,Consumer
1207,1207,TC-11475,0,1990,Carlos Daly,Consumer
1208,1208,DW-3540,0,1957,Carlos Daly,Consumer
1209,1209,BE-1455,0,1965,Helen Wasserman,Corporate
1210,1210,AH-195,0,1957,Natalie DeCherney,Consumer
1211,1211,DO-3645,0,1955,Tom Zandusky,Corporate
1212,1212,CA-2055,0,1972,Bill Tyler,Corporate
1213,1213,LP-7080,0,1969,Richard Bierner,Consumer
1214,1214,BN-1515,1,1972,Jeremy Ellison,Consumer
1215,1215,NK-8490,1,1975,Justin Hirsh,Consumer
1216,1216,AR-510,0,1965,Arianne Irving,Consumer
1217,1217,VM-11835,1,1963,Mark Haberlin,Corporate
1218,1218,TH-11115,0,1991,Dave Brooks,Consumer
1219,1219,AB-165,0,1963,Dean Braden,Consumer
1220,1220,LB-6735,1,1986,Neoma Murray,Consumer
1221,1221,GA-4515,1,1973,Cari Sayre,Corporate
1222,1222,DJ-3630,0,1957,Brian Moss,Corporate
1223,1223,LT-6765,1,1981,Lena Creighton,Consumer
1224,1224,SG-10080,1,1958,Justin Ellison,Corporate
1225,1225,TB-11175,0,1959,Dorris liebe,Corporate
1226,1226,AP-915,0,1955,Alan Hwang,Consumer
1227,1227,ON-8715,1,1986,David Smith,Corporate
1228,1228,SB-10290,0,1975,Darrin Van Huff,Corporate
1229,1229,AJ-795,1,1955,David Kendrick,Corporate
1230,1230,TP-11565,1,1971,Anna Chung,Consumer
1231,1231,ML-8040,1,1986,Mark Hamilton,Consumer
1232,1232,LC-6870,0,1978,Chuck Clark,Home Office
1233,1233,AB-105,1,1983,Nat Gilpin,Corporate
1234,1234,AW-840,1,1976,Katrina Edelman,Corporate
1235,1235,JO-5280,1,1971,Resi Polking,Consumer
1236,1236,ME-7320,0,1956,Sarah Jordon,Consumer
1237,1237,SW-10455,0,1972,Karen Ferguson,Home Office
1238,1238,LP-7095,1,1989,Anthony Rawles,Corporate
1239,1239,DW-3195,1,1952,John Huston,Consumer
1240,1240,SC-10770,1,1984,Bryan Mills,Consumer
1241,1241,HE-4800,2,1967,Harold Dahlen,Home Office
1242,1242,DL-3495,0,1962,Naresj Patel,Consumer
1243,1243,EJ-4155,0,1947,Andrew Allen,Consumer
1244,1244,JH-6180,1,1978,Roy Collins,Consumer
1245,1245,DK-3150,0,1971,Ken Black,Corporate
1246,1246,XP-11865,1,1992,Meg O'Connel,Home Office
1247,1247,KT-6480,1,1968,Joy Daniels,Consumer
1248,1248,MB-8085,1,1973,Muhammed Yedwab,Corporate
1249,1249,AR-345,0,1975,Erica Hernandez,Home Office
1250,1250,BD-1320,0,1965,Art Foster,Consumer
1251,1251,DP-3165,0,1952,Jonathan Howell,Consumer
1252,1252,KD-6495,0,1967,Steve Chapman,Corporate
1253,1253,CK-2595,0,1972,Denny Joy,Corporate
1254,1254,SB-10170,0,1963,Randy Ferguson,Corporate
1255,1255,JJ-5760,1,1970,Sally Knutson,Consumer
1256,1256,GH-4485,0,1955,Russell D'Ascenzo,Consumer
1257,1257,DB-3555,0,1975,Katrina Edelman,Corporate
1258,1258,LB-6795,1,1976,Linda Cazamias,Corporate
1259,1259,KT-6465,0,1969,John Murray,Consumer
1260,1260,GA-4725,1,1973,David Wiener,Corporate
1261,1261,DK-3090,0,1983,Joy Daniels,Consumer
1262,1262,SS-10590,0,1982,Ruben Dartt,Consumer
1263,1263,SD-10485,1,1960,Helen Wasserman,Corporate
1264,1264,TS-21085,1,1952,Toby Carlisle,Consumer
1265,1265,RA-9945,0,1975,Theone Pippenger,Consumer
1266,1266,JO-5145,1,1963,Craig Leslie,Home Office
1267,1267,LW-7215,1,1970,Bradley Drucker,Consumer
1268,1268,RB-9645,0,1948,Mike Vittorini,Consumer
1269,1269,MV-7485,0,1958,Stuart Van,Corporate
1270,1270,BW-1200,0,1944,Russell D'Ascenzo,Consumer
1271,1271,CC-2610,0,1963,Michael Moore,Consumer
1272,1272,BD-1560,1,1972,Rick Duston,Consumer
1273,1273,CS-2505,1,1966,Seth Vernon,Consumer
1274,1274,VT-11700,1,1968,Lycoris Saunders,Consumer
1275,1275,MC-7845,0,1971,Laura Armstrong,Corporate
1276,1276,KH-6690,1,1975,Giulietta Dortch,Corporate
1277,1277,VS-11820,1,1964,Brian Moss,Corporate
1278,1278,NF-8475,0,1978,Edward Becker,Corporate
1279,1279,TB-11190,0,1975,John Lee,Consumer
1280,1280,TS-11205,0,1983,Steve Carroll,Home Office
1281,1281,TD-10995,0,1971,Noah Childs,Corporate
1282,1282,EB-3750,1,1957,Katherine Hughes,Consumer
1283,1283,AH-690,0,1951,Jill Matthias,Consumer
1284,1284,TB-11280,0,1951,Beth Fritzler,Corporate
1285,1285,AM-705,1,1970,Nathan Gelder,Consumer
1286,1286,BD-1620,0,1972,Corey-Lock,Consumer
1287,1287,KF-6285,1,1969,Justin Hirsh,Consumer
1288,1288,BE-1335,0,1972,Todd Sumrall,Corporate
1289,1289,HA-4905,0,1971,Tom Boeckenhauer,Consumer
1290,1290,ND-8370,0,1956,Theresa Coyne,Corporate
1291,1291,AA-645,1,1971,Frank Merwin,Home Office
1292,1292,CC-2430,1,1973,Sylvia Foulston,Corporate
1293,1293,PL-8925,1,1977,Katherine Murray,Home Office
1294,1294,SO-10335,1,1963,Paul Gonzalez,Consumer
1295,1295,AY-555,0,1954,Shahid Shariari,Consumer
1296,1296,JB-6000,1,1978,Mike Pelletier,Home Office
1297,1297,SN-10560,0,1966,Brosina Hoffman,Consumer
1298,1298,AH-465,0,1946,Valerie Mitchum,Home Office
1299,1299,HW-4935,1,1978,Cari Schnelling,Consumer
1300,1300,MC-7425,1,1971,Monica Federle,Corporate
1301,1301,BT-1680,0,1953,Katrina Bavinger,Home Office
1302,1302,MG-7650,0,1985,Mary O'Rourke,Consumer
1303,1303,CB-2415,1,1970,Seth Vernon,Consumer
1304,1304,CK-2760,0,1979,Arthur Wiediger,Home Office
1305,1305,AG-330,0,1966,Arianne Irving,Consumer
1306,1306,MK-8160,1,1976,Lena Cacioppo,Consumer
1307,1307,NC-8625,0,1965,Jeremy Lonsdale,Consumer
1308,1308,MO-7950,0,1982,Linda Cazamias,Corporate
1309,1309,HF-4995,0,1972,Sung Pak,Corporate
1310,1310,SJ-10215,0,1960,Bruce Degenhardt,Consumer
1311,1311,AO-810,0,1956,Raymond Buch,Consumer
1312,1312,RM-9375,0,1965,Frank Olsen,Consumer
1313,1313,MM-8055,0,1955,Rick Wilson,Corporate
1314,1314,DN-3690,1,1989,Tamara Manning,Consumer
1315,1315,EB-3930,1,1962,Lela Donovan,Corporate
1316,1316,NH-8610,0,1965,Ken Dana,Corporate
1317,1317,EL-3735,1,1973,Angele Hood,Consumer
1318,1318,PS-8760,1,1972,Aimee Bixby,Consumer
1319,1319,ST-10530,1,1984,Jim Epp,Corporate
1320,1320,RH-9510,0,1960,Ed Ludwig,Home Office
1321,1321,BD-1605,0,1958,Rick Wilson,Corporate
1322,1322,SC-10440,0,1968,Eleni McCrary,Corporate
1323,1323,CG-2040,2,1977,Andy Gerbode,Corporate
1324,1324,TG-11310,1,1974,Zuschuss Carroll,Consumer
1325,1325,FO-4305,0,1962,Erica Smith,Consumer
1326,1326,CS-1950,0,1982,Phillina Ober,Home Office
1327,1327,LE-6810,1,1975,Barry Weirich,Consumer
1328,1328,DR-2880,0,1982,Trudy Glocke,Consumer
1329,1329,JR-5700,0,1945,Jennifer Patt,Corporate
1330,1330,MS-7710,1,1979,Bill Shonely,Corporate
1331,1331,PM-8940,1,1969,Eric Murdock,Consumer
1332,1332,AZ-750,0,1962,Yana Sorensen,Corporate
1333,1333,AA-375,0,1948,Mark Van Huff,Consumer
1334,1334,FM-4290,1,1978,Fred McMath,Consumer
1335,1335,CR-2820,0,1975,Pamela Coakley,Corporate
1336,1336,VB-11745,0,1982,Brad Norvell,Corporate
1337,1337,RH-19600,0,1983,Dave Hallsten,Corporate
1338,1338,KH-6330,0,1952,Ann Blume,Corporate
1339,1339,ME-7725,1,1982,Aaron Hawkins,Corporate
1340,1340,FA-4230,0,1962,Adrian Hane,Home Office
1341,1341,GM-4455,0,1977,Luke Foster,Consumer
1342,1342,KH-6510,1,1949,Clytie Kelty,Consumer
1343,1343,CD-2790,0,1990,Gary McGarr,Consumer
1344,1344,NB-8580,1,1982,James Lanier,Home Office
1345,1345,CS-2250,1,1975,Nora Paige,Consumer
1346,1346,SP-10920,0,1959,Julia Dunbar,Consumer
1347,1347,TH-11100,0,1983,Valerie Dominguez,Consumer
1348,1348,DC-3285,0,1976,Doug Jacobs,Consumer
1349,1349,CM-2655,0,1962,Evan Minnotte,Home Office
1350,1350,RF-9735,0,1956,Tracy Hopkins,Home Office
1351,1351,LH-6750,0,1993,Joe Kamberova,Consumer
1352,1352,JM-5265,1,1987,Bill Eplett,Home Office
1353,1353,CS-1845,0,1965,Benjamin Venier,Corporate
1354,1354,CS-1860,0,1982,Catherine Glotzbach,Home Office
1355,1355,BT-1485,0,1962,Sanjit Jacobs,Home Office
1356,1356,KB-6240,1,1978,Paul Van Hugh,Home Office
1357,1357,KB-6600,0,1946,Raymond Buch,Consumer
1358,1358,LS-7230,0,1963,Ken Black,Corporate
1359,1359,MS-7365,1,1971,Muhammed Lee,Consumer
1360,1360,BG-1740,1,1968,Jim Mitchum,Corporate
1361,1361,HJ-4875,1,1992,Khloe Miller,Consumer
1362,1362,LR-6915,1,1974,Mike Gockenbach,Consumer
1363,1363,JW-6075,0,1950,Cari Sayre,Corporate
1364,1364,DJ-3420,0,1977,Darrin Van Huff,Corporate
1365,1365,SP-10650,0,1958,Matt Collins,Consumer
1366,1366,VM-21835,0,1976,Denny Joy,Corporate
1367,1367,CM-1815,1,1973,Natalie Fritzler,Consumer
1368,1368,MH-8025,1,1968,Sylvia Foulston,Corporate
1369,1369,RD-9480,0,1958,Christopher Martinez,Consumer
1370,1370,PW-9030,0,1975,Brian Stugart,Consumer
1371,1371,EB-4170,1,1960,Phillip Flathmann,Consumer
1372,1372,SM-10950,2,1965,Raymond Buch,Consumer
1373,1373,NP-8325,0,1960,Raymond Buch,Consumer
1374,1374,MP-8175,0,1969,Corey Roper,Home Office
1375,1375,CM-2160,0,1960,Matt Abelman,Home Office
1376,1376,NP-8700,1,1975,Patrick O'Donnell,Consumer
1377,1377,BP-1185,1,1985,Marc Harrigan,Home Office
1378,1378,SW-10755,0,1971,Shui Tom,Consumer
1379,1379,AC-450,0,1970,Matt Abelman,Home Office
1380,1380,SE-10110,0,1955,Bill Eplett,Home Office
1381,1381,BS-1365,1,1956,Emily Phan,Consumer
1382,1382,RM-9750,1,1958,Zuschuss Carroll,Consumer
1383,1383,BT-1395,1,1964,Adam Shillingsburg,Consumer
1384,1384,BP-1155,1,1973,Marc Harrigan,Home Office
1385,1385,GT-4635,0,1948,Laura Armstrong,Corporate
1386,1386,CM-1935,1,1972,Victoria Brennan,Corporate
1387,1387,RE-9405,1,1976,Nick Radford,Consumer
1388,1388,KS-6300,1,1980,Michael Kennedy,Corporate
1389,1389,TS-11160,0,1979,Dionis Lloyd,Corporate
1390,1390,ML-7395,1,1972,Cathy Prescott,Corporate
1391,1391,BF-1170,1,1973,Duane Benoit,Consumer
1392,1392,NS-8640,1,1972,Patricia Hirasaki,Home Office
1393,1393,RB-9570,1,1975,Carl Jackson,Corporate
1394,1394,FM-4380,1,1972,Alan Barnes,Consumer
1395,1395,AG-300,0,1956,Cathy Armstrong,Home Office
1396,1396,SW-10350,1,1974,Heather Jas,Home Office
1397,1397,JR-6210,1,1972,Brendan Sweed,Corporate
1398,1398,MD-7350,0,1968,Keith Herrera,Consumer
1399,1399,ML-7755,1,1969,Mark Van Huff,Consumer
1400,1400,HA-4920,1,1961,Roland Schwarz,Corporate
1401,1401,AS-45,0,1972,Christopher Conant,Consumer
1402,1402,BF-1215,0,1953,Harry Greene,Consumer
1403,1403,LH-6900,0,1957,Alex Avila,Consumer
1404,1404,DP-3390,1,1970,Ed Ludwig,Home Office
1405,1405,DH-3075,1,1967,Gary Zandusky,Consumer
1406,1406,HM-4860,0,1951,Jim Mitchum,Corporate
1407,1407,SB-10185,0,1953,Paul Knutson,Home Office
1408,1408,RF-9840,0,1950,Natalie Fritzler,Consumer
1409,1409,SV-10935,1,1953,Jason Fortune-,Consumer
1410,1410,CS-2355,0,1977,Alyssa Tate,Home Office
1411,1411,GM-4695,1,1972,Kean Takahito,Consumer
1412,1412,AT-435,1,1969,Joel Eaton,Consumer
1413,1413,MC-8130,0,1944,Jennifer Braxton,Corporate
1414,1414,FP-4320,1,1990,Chad Sievert,Consumer
1415,1415,DK-3225,1,1979,Roger Barcio,Home Office
1416,1416,VG-11790,0,1966,Tamara Chand,Corporate
1417,1417,LF-7185,0,1948,Fred Hopkins,Corporate
1418,1418,NC-8535,2,1972,Alex Grayson,Consumer
1419,1419,DB-3405,1,1973,Liz Preis,Consumer
1420,1420,MH-8115,2,1972,Bruce Degenhardt,Consumer
1421,1421,SA-10830,0,1972,Ruben Dartt,Consumer
1422,1422,JK-5640,0,1966,Ed Braxton,Corporate
1423,1423,VF-11715,0,1969,Patrick O'Brill,Consumer
1424,1424,VW-11775,0,1959,Denise Leinenbach,Consumer
1425,1425,SN-10710,1,1970,Michael Grace,Home Office
1426,1426,MS-7980,1,1974,Harold Dahlen,Home Office
1427,1427,AD-180,1,1972,Matthew Grinstein,Home Office
1428,1428,MC-8100,1,1958,Brendan Sweed,Corporate
1429,1429,JB-5925,0,1972,Alejandro Grove,Consumer
1430,1430,JC-5340,1,1983,Bill Tyler,Corporate
1431,1431,MF-7665,1,1973,Nora Pelletier,Home Office
1432,1432,RP-9270,0,1985,Michelle Huthwaite,Consumer
1433,1433,PF-9120,1,1973,Phillina Ober,Home Office
1434,1434,DK-2895,1,1967,Steven Cartwright,Consumer
1435,1435,RW-9630,1,1979,Joe Kamberova,Consumer
1436,1436,TM-11490,1,1961,Corinna Mitchell,Home Office
1437,1437,Co-2640,0,1986,Mick Brown,Consumer
1438,1438,EM-3810,0,1964,Peter Fuller,Consumer
1439,1439,JK-6090,1,1983,Bryan Mills,Consumer
1440,1440,JH-5430,1,1952,Suzanne McNair,Corporate
1441,1441,AR-405,1,1949,Ben Peterman,Corporate
1442,1442,TZ-11580,1,1979,Ann Steele,Home Office
1443,1443,BG-1035,0,1948,Steve Carroll,Home Office
1444,1444,PS-9045,0,1946,Christopher Conant,Consumer
1445,1445,MS-7770,0,1958,Patrick O'Donnell,Consumer
1446,1446,SS-10875,0,1971,Mitch Gastineau,Corporate
1447,1447,DB-2970,0,1957,Debra Catini,Consumer
1448,1448,SS-10515,0,1982,Paul Stevenson,Home Office
1449,1449,AW-930,0,1973,Becky Martin,Consumer
1450,1450,PK-8910,1,1972,Matt Collister,Corporate
1451,1451,GM-4440,0,1965,Magdelene Morse,Consumer
1452,1452,CY-2745,0,1953,Tom Prescott,Consumer
1453,1453,RW-9690,1,1967,Corey Catlett,Corporate
1454,1454,CC-2100,0,1965,Hallie Redmond,Home Office
1455,1455,KD-6345,0,1969,Hilary Holden,Corporate
1456,1456,KN-6390,0,1971,Brad Thomas,Home Office
1457,1457,GT-4710,1,1972,Shahid Shariari,Consumer
1458,1458,TS-11085,0,1970,Emily Burns,Consumer
1459,1459,RR-9525,0,1974,Alex Russell,Corporate
1460,1460,MT-7815,0,1950,Doug Jacobs,Consumer
1461,1461,JA-5970,0,1959,Jeremy Pistek,Consumer
1462,1462,CB-2535,1,1955,Tony Molinari,Consumer
1463,1463,AP-720,1,1978,Art Ferguson,Consumer
1464,1464,SP-10860,1,1986,Stephanie Phelps,Corporate
1465,1465,IL-5100,0,1963,Justin Deggeller,Corporate
1466,1466,VD-11670,0,1953,Chad McGuire,Consumer
1467,1467,EH-3765,0,1952,Grace Kelly,Corporate
1468,1468,BS-1755,1,1950,Tom Stivers,Corporate
1469,1469,HL-5040,0,1970,John Grady,Corporate
1470,1470,CA-2310,1,1970,Jennifer Ferguson,Consumer
1471,1471,AC-420,1,1977,Susan Vittorini,Consumer
1472,1472,CC-2145,0,1966,Erin Ashbrook,Corporate
1473,1473,KB-6585,0,1969,Kean Nguyen,Corporate
1474,1474,JG-5115,0,1958,Fred Harton,Consumer
1475,1475,GK-4620,0,1954,Juliana Krohn,Consumer
1476,1476,FW-4395,0,1956,Bryan Spruell,Home Office
1477,1477,VM-11685,0,1970,Frank Hawley,Corporate
1478,1478,RB-9360,0,1987,Joy Daniels,Consumer
1479,1479,AG-495,0,1961,Yoseph Carroll,Corporate
1480,1480,IM-5070,0,1979,Allen Armold,Consumer
1481,1481,MC-7635,0,1960,Alejandro Grove,Consumer
1482,1482,SH-10635,1,1981,Max Ludwig,Home Office
1483,1483,KC-6540,1,1980,Bradley Nguyen,Consumer
1484,1484,QJ-9255,0,1976,Emily Grady,Consumer
1485,1485,JK-5325,0,1976,Peter Buhler,Consumer
1486,1486,AI-855,0,1970,Brendan Dodson,Home Office
1487,1487,SC-10095,2,1946,Christy Brittain,Consumer
1488,1488,CT-1995,0,1955,Magdelene Morse,Consumer
1489,1489,PJ-8835,1,1972,Steven Cartwright,Consumer
1490,1490,JM-6195,1,1971,Mike Pelletier,Home Office
1491,1491,CV-2295,1,1950,Sally Matthias,Consumer
1492,1492,DB-3120,0,1988,Carl Ludwig,Consumer
1493,1493,NL-8310,1,1978,Christopher Conant,Consumer
1494,1494,BB-1545,1,1990,Ricardo Emerson,Consumer
1495,1495,BV-1245,0,1959,Jason Klamczynski,Corporate
1496,1496,BS-1380,1,1977,Ricardo Emerson,Consumer
1497,1497,KA-6525,0,1969,Alejandro Savely,Corporate
1498,1498,RB-9795,0,1959,Matthew Clasen,Corporate
1499,1499,EP-3915,0,1988,John Castell,Consumer
1500,1500,JS-5595,1,1975,Neil Ducich,Corporate
1501,1501,JE-5610,1,1973,Sarah Foster,Consumer
1502,1502,CJ-1875,1,1977,Claire Gute,Consumer
1503,1503,TH-11550,1,1973,Tonja Turnell,Home Office
1504,1504,HR-4830,0,1955,Michelle Lonsdale,Corporate
1505,1505,KC-6675,0,1974,Jeremy Lonsdale,Consumer
1506,1506,LS-7200,1,1972,Don Miller,Corporate
1507,1507,DL-2925,0,1975,Adam Bellavance,Home Office
1508,1508,WB-11850,0,1971,Maribeth Schnelling,Consumer
1509,1509,SJ-10500,0,1958,Raymond Messe,Consumer
1510,1510,DF-3135,0,1988,Denny Ordway,Consumer
1511,1511,SZ-10035,1,1975,Jeremy Lonsdale,Consumer
1512,1512,CK-2205,0,1965,Sibella Parks,Corporate
1513,1513,TM-11010,0,1986,Karen Daniels,Consumer
1514,1514,FC-4335,0,1977,Candace McMahon,Corporate
1515,1515,GB-4530,1,1980,Rose O'Brian,Consumer
1516,1516,BF-1275,0,1962,Corey Roper,Home Office
1517,1517,NB-8655,1,1978,Sandra Flanagan,Consumer
1518,1518,EH-3990,1,1972,Aaron Smayling,Corporate
1519,1519,SP-10545,1,1970,Mark Packer,Home Office
1520,1520,Dp-3240,0,1983,Luke Foster,Consumer
1521,1521,LW-6825,0,1971,Dionis Lloyd,Corporate
1522,1522,EN-3780,1,1976,Thomas Thornton,Consumer
1523,1523,TZ-11445,1,1973,Lisa Hazard,Consumer
1524,1524,KD-6615,1,1973,Alan Haines,Corporate
1525,1525,LD-7005,1,1976,Brad Norvell,Corporate
1526,1526,CL-1890,0,1948,Ken Heidel,Corporate
1527,1527,HG-4965,1,1958,Anna Andreadi,Consumer
1528,1528,BO-1350,0,1987,Jack Lebron,Consumer
1529,1529,YC-11895,0,1960,Maria Zettner,Home Office
1530,1530,JM-5535,0,1975,Katherine Murray,Home Office
1531,1531,RA-9885,1,1958,Mark Van Huff,Consumer
1532,1532,KM-6660,0,1975,Art Foster,Consumer
1533,1533,DW-3585,1,1975,Lindsay Shagiari,Home Office
1534,1534,TS-11655,1,1988,Kean Takahito,Consumer
1535,1535,RK-9300,1,1988,Elizabeth Moffitt,Corporate
1536,1536,SC-10020,1,1989,Maria Etezadi,Home Office
1537,1537,AG-390,0,1959,John Murray,Consumer
1538,1538,AT-735,0,1971,Michael Moore,Consumer
1539,1539,JW-5955,1,1967,Ken Lonsdale,Consumer
1540,1540,AF-885,1,1989,Jim Radford,Consumer
1541,1541,KB-6405,1,1961,Evan Henry,Consumer
1542,1542,BP-1290,0,1978,Maribeth Schnelling,Consumer
1543,1543,OT-8730,1,1953,Kelly Williams,Consumer
1544,1544,LS-6975,0,1964,Dave Brooks,Consumer
1545,1545,GD-4590,1,1986,Eugene Moren,Home Office
1546,1546,MP-7965,0,1987,Randy Ferguson,Corporate
1547,1547,DS-3180,0,1963,Evan Henry,Consumer
1548,1548,ED-3885,0,1957,Mitch Willingham,Corporate
1549,1549,NZ-8565,1,1975,Dionis Lloyd,Corporate
1550,1550,JG-5805,0,1951,Frank Atkinson,Corporate
1551,1551,EB-3870,0,1965,Jill Fjeld,Consumer
1552,1552,BG-1695,0,1956,Katrina Edelman,Corporate
1553,1553,SR-10425,0,1962,Rose O'Brian,Consumer
1554,1554,AS-90,0,1974,Katrina Willman,Consumer
1555,1555,SP-10620,1,1967,Lori Olson,Corporate
1556,1556,SH-10395,1,1962,Gary McGarr,Consumer
1557,1557,AR-540,1,1976,Delfina Latchford,Consumer
1558,1558,CM-2235,2,1961,Anne Pryor,Home Office
1559,1559,AS-225,0,1976,Karl Braun,Consumer
1560,1560,RA-9915,1,1983,Katrina Bavinger,Home Office
1561,1561,RS-9420,0,1976,John Lee,Consumer
1562,1562,TN-11040,1,1988,Janet Molinari,Corporate
1563,1563,VP-11730,0,1954,Bruce Stewart,Consumer
1564,1564,KW-6435,1,1985,Ed Ludwig,Home Office
1565,1565,PP-8955,0,1952,Darrin Van Huff,Corporate
1566,1566,SC-10575,0,1964,Jane Waco,Corporate
1567,1567,ML-7410,0,1954,Jill Fjeld,Consumer
1568,1568,CJ-2010,1,1950,Juliana Krohn,Consumer
1569,1569,FG-4260,1,1957,Maribeth Yedwab,Corporate
1570,1570,TW-11025,0,1946,Rick Bensley,Home Office
1571,1571,DB-3210,1,1954,Nat Carroll,Consumer
1572,1572,EA-4035,0,1991,Michael Nguyen,Consumer
1573,1573,EM-3825,1,1986,Christine Abelman,Corporate
1574,1574,TB-11355,1,1977,Maris LaWare,Consumer
1575,1575,ME-8010,0,1960,Noah Childs,Corporate
1576,1576,JE-5715,2,1982,Kristen Hastings,Corporate
1577,1577,MC-7605,0,1947,Herbert Flentye,Consumer
1578,1578,FH-4350,0,1992,Michael Paige,Corporate
1579,1579,BC-1125,0,1976,Charles Sheldon,Corporate
1580,1580,MG-7875,2,1956,Jennifer Jackson,Consumer
1581,1581,FH-4275,0,1947,Jill Fjeld,Consumer
1582,1582,DK-2985,0,1950,Fred Wasserman,Corporate
1583,1583,BK-1260,0,1966,Logan Currie,Consumer
1584,1584,MP-7470,0,1987,Denise Leinenbach,Consumer
1585,1585,SC-10800,1,1973,Monica Federle,Corporate
1586,1586,BD-1500,1,1952,Caroline Jumper,Consumer
1587,1587,RC-9825,0,1965,Russell Applegate,Consumer
1588,1588,MG-7890,1,1980,Randy Ferguson,Corporate
1589,1589,ZC-11910,0,1987,Christina Anderson,Consumer
